fecha_entrada,fecha_salida,precio_entrada,precio_salida,pnl_price,tipo,mae_price,mfe_price,lotes,swap_usd,comision_usd,pnl_bruto_usd,pnl_neto_usd,mae_usd,mfe_usd,retorno_trade,balance_operativo,ganancias_apartadas,patrimonio_total,peak,drawdown_abs,drawdown_pct
2025-01-07 03:33:00,2025-01-07 04:51:00,0.89656,0.89597,0.0005899999999999794,Cierre_Señal,0.00010999999999994348,0.0018200000000000438,0.223074863924333,0.0,0.0,13.161416971535187,13.161416971535187,2.453823503166402,40.599625234229585,0.0013161416971535188,10000.0,13.1614169715358,10013.161416971536,10013.161416971536,0.0,0.0
2025-01-07 06:09:00,2025-01-07 17:51:00,0.89654,0.89613,0.00041000000000002146,Cierre_Señal,0.002789999999999959,0.0011600000000000499,0.22307984027483435,0.0,0.0,9.146273451268687,9.146273451268687,62.23927543667787,25.877261471881898,0.0009146273451268687,10000.0,22.307690422803717,10022.307690422804,10022.307690422804,0.0,0.0
2025-01-13 13:55:00,2025-01-13 16:41:00,0.88706,0.8858199999999999,0.0012400000000000189,Cierre_Señal,0.00031000000000003247,0.0016399999999999748,0.22546389195770297,0.0,0.0,27.957522602755596,27.957522602755596,6.989380650689524,36.97607828106272,0.0027957522602755597,10000.0,50.265213025559206,10050.26521302556,10050.26521302556,0.0,0.0
2025-01-13 18:04:00,2025-01-16 07:26:00,0.88685,0.88994,-0.003089999999999926,Cierre_Señal,0.007549999999999946,0.0011900000000000244,0.22551728026160003,-4.660089079325703,0.0,-69.68483960083275,-74.34492868015845,170.26554659750678,26.836556351130955,-0.007434492868015845,9975.9202843454,0.0,9975.9202843454,10050.26521302556,74.34492868015877,0.7397310131060488
2025-01-16 08:49:00,2025-01-17 07:07:00,0.89124,0.89299,-0.0017499999999999183,Cierre_Señal,0.004489999999999994,0.0014500000000000624,0.22386608061454605,-4.625968689818979,0.0,-39.176564107543726,-43.8025327973627,100.51587019593103,32.46058168911057,-0.0043908262645301335,9932.117751548038,0.0,9932.117751548038,10050.26521302556,118.14746147752157,1.1755656091980295
2025-01-17 09:53:00,2025-01-17 14:02:00,0.89434,0.89321,0.0011300000000000754,Cierre_Señal,0.0006699999999999484,0.0014000000000000679,0.22211055642256944,0.0,0.0,25.09849287575202,25.09849287575202,14.881407280311006,31.09547789916123,0.002527003153163395,9957.21624442379,0.0,9957.21624442379,10050.26521302556,93.04896860176996,0.9258359518828881
2025-01-17 18:11:00,2025-01-17 23:50:00,0.89517,0.89666,-0.0014899999999999913,Cierre_Viernes,0.0017199999999999438,0.0020499999999999963,0.22246536958172838,0.0,0.0,-33.14734006767734,-33.14734006767734,38.26404356805603,45.605400764254235,-0.003328976618966211,9924.068904356112,0.0,9924.068904356112,10050.26521302556,126.19630866944681,1.2556515275426878
2025-01-20 08:41:00,2025-01-20 11:33:00,0.89725,0.8972399999999999,1.0000000000065512e-05,Cierre_Señal,0.0016500000000000403,0.0007599999999999829,0.22121078638854527,0.0,0.0,0.22121078638999447,0.22121078638999447,36.49977975411086,16.81201976552906,2.2290331568828114e-05,9924.290115142503,0.0,9924.290115142503,10050.26521302556,125.97509788305615,1.2534504832746822
2025-01-21 02:18:00,2025-01-21 10:54:00,0.89825,0.89967,-0.0014199999999999768,Cierre_Señal,0.00490999999999997,0.0012199999999999989,0.2209694431426107,0.0,0.0,-31.377660926250204,-31.377660926250204,108.49599658302118,26.95827206339848,-0.003161703311995495,9892.912454216254,0.0,9892.912454216254,10050.26521302556,157.35275880930567,1.5656577759298331
2025-01-21 15:55:00,2025-01-21 17:21:00,0.90087,0.9002,0.0006699999999999484,Cierre_Señal,0.0007000000000000339,0.003189999999999915,0.21963018979911095,0.0,0.0,14.7152227165393,14.7152227165393,15.374113285938511,70.06203054591454,0.0014874510195698567,9907.627676932792,0.0,9907.627676932792,10050.26521302556,142.63753609276682,1.419241513227956
2025-01-22 11:26:00,2025-01-23 05:31:00,0.8998,0.9024099999999999,-0.00260999999999989,Cierre_Señal,0.003569999999999962,0.0015700000000000713,0.2202184413632539,-1.5168646241100927,0.0,-57.47701319580685,-58.99387781991694,78.61798356668079,34.57429529403243,-0.00595438986441407,9848.633799112875,0.0,9848.633799112875,10050.26521302556,201.63141391268437,2.006229782387849
2025-01-23 06:14:00,2025-01-23 07:40:00,0.90269,0.90257,0.00012000000000000899,Cierre_Señal,0.00029000000000001247,0.00041999999999997595,0.21820633438085887,0.0,0.0,2.6184760125705027,2.6184760125705027,6.3279836970451795,9.164666043995549,0.000265872004785716,9851.252275125446,0.0,9851.252275125446,10050.26521302556,199.01293790011368,1.9801759822435798
2025-01-23 14:50:00,2025-01-23 16:59:00,0.90255,0.90248,7.00000000000145e-05,Cierre_Señal,0.0012100000000000444,0.0010700000000000154,0.21829820564235655,0.0,0.0,1.5280874394968122,1.5280874394968122,26.41408288272611,23.357908003732486,0.0001551160600521068,9852.780362564943,0.0,9852.780362564943,10050.26521302556,197.48485046061614,1.9649715333349373
2025-01-23 22:43:00,2025-01-24 02:29:00,0.90344,0.90317,0.00026999999999999247,Cierre_Señal,0.0005199999999999649,0.0006399999999999739,0.21811698314364966,-4.5071693396803765,0.0,5.889158544878376,1.3819892051979998,11.342083123469017,13.95948692119301,0.00014026388027980267,9854.162351770141,0.0,9854.162351770141,10050.26521302556,196.10286125541825,1.9512207598388631
2025-01-24 04:38:00,2025-01-24 13:14:00,0.90426,0.90537,-0.0011100000000000554,Cierre_Señal,0.0024399999999999977,0.0014299999999999313,0.2179497567462929,0.0,0.0,-24.19242299883972,-24.19242299883972,53.17974064609542,31.166815214718387,-0.002455046115055527,9829.969928771301,0.0,9829.969928771301,10050.26521302556,220.29528425425815,2.1919350343983597
2025-01-24 18:15:00,2025-01-24 21:07:00,0.90579,0.90543,0.00036000000000002697,Cierre_Señal,0.0008099999999999774,0.0009500000000000064,0.21704743767918172,0.0,0.0,7.813707756451128,7.813707756451128,17.58084245201323,20.6195065795224,0.0007948862319081178,9837.783636527753,0.0,9837.783636527753,10050.26521302556,212.4815764978066,2.1141887501876235
2025-01-27 11:02:00,2025-01-27 12:15:00,0.90452,0.90427,0.00024999999999997247,Cierre_Señal,0.00045000000000006146,0.0009000000000000119,0.2175249554797628,0.0,0.0,5.438123886993472,5.438123886993472,9.788622996590663,19.577245993178913,0.0005527793746959105,9843.221760414746,0.0,9843.221760414746,10050.26521302556,207.0434526108129,2.0600794926533483
2025-01-27 14:41:00,2025-01-27 15:54:00,0.90442,0.90368,0.0007399999999999629,Cierre_Señal,0.0008799999999999919,0.0017099999999999893,0.21766926340449672,0.0,0.0,16.10752549193195,16.10752549193195,19.154895179595535,37.221444042168706,0.001636407863603111,9859.329285906679,0.0,9859.329285906679,10050.26521302556,190.9359271188805,1.8998098365744582
2025-01-31 02:09:00,2025-01-31 03:22:00,0.90038,0.89996,0.00041999999999997595,Cierre_Señal,0.00029000000000001247,0.0021299999999999653,0.2190037381085026,0.0,0.0,9.198157000556582,9.198157000556582,6.3511084051468485,46.6477962171103,0.0009329394255758145,9868.527442907236,0.0,9868.527442907236,10050.26521302556,181.73777011832317,1.8082883015145064
2025-01-31 05:48:00,2025-01-31 09:27:00,0.90085,0.90012,0.0007300000000000084,Cierre_Señal,0.0009599999999999609,0.0012400000000000189,0.2190936880259141,0.0,0.0,15.993839225891914,15.993839225891914,21.0329940504869,27.167617315213764,0.0016206915690736715,9884.521282133128,0.0,9884.521282133128,10050.26521302556,165.7439308924313,1.6491498222118588
2025-01-31 10:40:00,2025-01-31 14:19:00,0.90036,0.90025,0.0001100000000000545,Cierre_Señal,0.0010999999999999899,0.0009100000000000774,0.21956820121136275,0.0,0.0,2.415250213326187,2.415250213326187,24.15250213324968,19.98070631023571,0.00024434670576226064,9886.936532346454,0.0,9886.936532346454,10050.26521302556,163.32868067910567,1.6251181159620043
2025-01-31 15:32:00,2025-01-31 19:11:00,0.90046,0.90023,0.0002300000000000635,Cierre_Señal,0.003290000000000015,0.0013900000000000023,0.2195974620160019,0.0,0.0,5.050741626369438,5.050741626369438,72.24756500326495,30.52404722022431,0.0005108500099950324,9891.987273972823,0.0,9891.987273972823,10050.26521302556,158.27793905273575,1.5748633065682784
2025-01-31 20:24:00,2025-01-31 23:50:00,0.90173,0.9029600000000001,-0.0012300000000000644,Cierre_Viernes,0.0022900000000000142,0.0024600000000000177,0.2194002034749387,0.0,0.0,-26.98622502741887,-26.98622502741887,50.24264659576127,53.972450054835306,-0.0027280893393811104,9865.001048945405,0.0,9865.001048945405,10050.26521302556,185.26416408015393,1.8433758727087513
2025-02-03 08:59:00,2025-02-03 10:28:00,0.90335,0.90199,0.0013600000000000279,Cierre_Señal,0.00021999999999999797,0.0020599999999999508,0.218409277665255,0.0,0.0,29.70366176247529,29.70366176247529,4.805004108635566,44.99231119904146,0.0030110145569270555,9894.70471070788,0.0,9894.70471070788,10050.26521302556,155.5605023176795,1.5478248486026682
2025-02-03 14:55:00,2025-02-03 17:53:00,0.90287,0.90181,0.0010599999999999499,Cierre_Señal,0.0012400000000000189,0.003489999999999993,0.21918337547394154,0.0,0.0,23.233437800236704,23.233437800236704,27.178738558769165,76.49499804040545,0.002348067828147906,9917.938148508116,0.0,9917.938148508116,10050.26521302556,132.32706451744343,1.316652463518496
2025-02-04 04:27:00,2025-02-04 07:25:00,0.89774,0.89588,0.0018599999999999728,Cierre_Señal,0.0005199999999999649,0.0030200000000000227,0.22095346422144754,0.0,0.0,41.09734434518864,41.09734434518864,11.489580139514496,66.72794619487766,0.004143738721678822,9959.035492853305,0.0,9959.035492853305,10050.26521302556,91.22972017225402,0.9077344551466814
2025-02-04 08:54:00,2025-02-04 11:52:00,0.89648,0.89571,0.0007700000000000484,Cierre_Señal,0.0005599999999998939,0.000980000000000092,0.2221808739258724,0.0,0.0,17.10792729229325,17.10792729229325,12.442128939846498,21.77372564473754,0.0017178297340711413,9976.143420145598,0.0,9976.143420145598,10050.26521302556,74.1217928799615,0.7375108149772663
2025-02-04 13:21:00,2025-02-04 16:19:00,0.89593,0.8942,0.0017300000000000093,Cierre_Señal,0.00039000000000000146,0.0021700000000000053,0.2226991711438527,0.0,0.0,38.526956607886724,38.526956607886724,8.685267674610287,48.32572013821615,0.0038619088544864203,10000.0,14.670376753483652,10014.670376753484,10050.26521302556,35.594836272075554,0.35416812907527234
2025-02-04 17:48:00,2025-02-04 22:15:00,0.89597,0.8957799999999999,0.0001900000000001345,Cierre_Señal,0.0011999999999999789,0.0018900000000000583,0.22322175965713137,0.0,0.0,4.2412134334884986,4.2412134334884986,26.78661115885529,42.188912575199126,0.00042412134334884985,10000.0,18.911590186971807,10018.911590186972,10050.26521302556,31.3536228385874,0.3119681140150591
2025-02-04 23:44:00,2025-02-05 01:24:00,0.89614,0.89584,0.000300000000000078,Cierre_Señal,0.00036999999999998145,0.0012500000000000844,0.22317941393085902,-1.537259803155757,0.0,6.695382417927511,5.158122614771754,8.257638315441369,27.89742674135926,0.0005158122614771755,10000.0,24.069712801743663,10024.069712801744,10050.26521302556,26.195500223815543,0.2606448652704716
2025-02-05 02:53:00,2025-02-05 04:22:00,0.89607,0.89566,0.00041000000000002146,Cierre_Señal,0.00024000000000001798,0.0016300000000000203,0.22319684846049972,0.0,0.0,9.151070786880968,9.151070786880968,5.356724363052395,36.38108629906191,0.0009151070786880968,10000.0,33.22078358862382,10033.220783588624,10050.26521302556,17.04442943693539,0.1695918373859936
2025-02-05 05:51:00,2025-02-05 16:14:00,0.89591,0.89718,-0.0012699999999999934,Cierre_Señal,0.0021100000000000563,0.0007599999999999829,0.22323670904443527,0.0,0.0,-28.35106204864313,-28.35106204864313,47.1029456083771,16.9659898873767,-0.002835106204864313,10000.0,4.869721539980674,10004.86972153998,10050.26521302556,45.39549148557853,0.45168451302901036
2025-02-05 17:43:00,2025-02-05 23:39:00,0.89892,0.89969,-0.0007699999999999374,Cierre_Señal,0.0016199999999999548,0.0024200000000000887,0.22248920927335025,0.0,0.0,-17.131669114046577,-17.131669114046577,36.04325190228174,53.842388644152734,-0.0017131669114046578,9987.738052425933,0.0,9987.738052425933,10050.26521302556,62.52716059962586,0.6221443839968329
2025-02-06 08:44:00,2025-02-06 10:13:00,0.89902,0.89854,0.00048000000000003595,Cierre_Señal,0.0005799999999999139,0.0006800000000000139,0.22219167654614877,0.0,0.0,10.66520047421594,10.66520047421594,12.887117239674716,15.109034005138426,0.0010678294142511533,9998.403252900149,0.0,9998.403252900149,10050.26521302556,51.861960125410405,0.5160257866448654
2025-02-06 11:42:00,2025-02-06 16:09:00,0.8987,0.89854,0.000160000000000049,Cierre_Señal,0.0012599999999999278,0.0011300000000000754,0.2225081395994247,0.0,0.0,3.5601302335918854,3.5601302335918854,28.036025589525906,25.143419774736667,0.0003560698787138066,10000.0,1.963383133741445,10001.963383133741,10050.26521302556,48.30182989181776,0.48060254001274105
2025-02-06 20:36:00,2025-02-07 01:14:00,0.8991,0.899,9.999999999998899e-05,Cierre_Señal,0.00031999999999998696,0.0021400000000000308,0.22244466688911133,-4.596596596596596,0.0,2.2244466688908684,-2.3721499277057276,7.118229340451272,47.603158714270506,-0.00023721499277057278,9999.591233206036,0.0,9999.591233206036,10050.26521302556,50.67397981952308,0.5042053990162121
2025-02-07 02:43:00,2025-02-07 08:39:00,0.89925,0.89976,-0.0005100000000000104,Cierre_Señal,0.0011400000000000299,0.0007700000000000484,0.22239847057450177,0.0,0.0,-11.342321999299822,-11.342321999299822,25.353425645493864,17.124682234237714,-0.001134278565471249,9988.248911206736,0.0,9988.248911206736,10050.26521302556,62.016301818823194,0.617061346186641
2025-02-07 11:37:00,2025-02-07 13:06:00,0.90065,0.90023,0.00041999999999997595,Cierre_Señal,0.00041000000000002146,0.0009099999999999664,0.2218008973787095,0.0,0.0,9.315637689905266,9.315637689905266,9.093836792527565,20.18388166146182,0.0009326597457391349,9997.564548896642,0.0,9997.564548896642,10050.26521302556,52.7006641289172,0.5243708798909601
2025-02-10 06:45:00,2025-02-10 20:05:00,0.89929,0.89867,0.0006200000000000649,Cierre_Señal,0.0017399999999999638,0.0010700000000000154,0.22234350540752465,0.0,0.0,13.785297335267972,13.785297335267972,38.68776994090849,23.79075507860548,0.0013788655494891857,10000.0,11.349846231909396,10011.34984623191,10050.26521302556,38.91536679364981,0.3872073618834843
2025-02-11 01:15:00,2025-02-11 02:55:00,0.89944,0.8989999999999999,0.00044000000000010697,Cierre_Señal,0.0011900000000000244,0.0018500000000000183,0.2223605799163924,0.0,0.0,9.783865516323646,9.783865516323646,26.46090901005124,41.136707284533,0.0009783865516323645,10000.0,21.1337117482326,10021.133711748233,10050.26521302556,29.131501277326606,0.28985803518469316
2025-02-11 07:55:00,2025-02-11 21:15:00,0.89944,0.89898,0.00046000000000001595,Cierre_Señal,0.0014800000000000368,0.0012900000000000134,0.2223605799163924,0.0,0.0,10.228586676154405,10.228586676154405,32.9093658276269,28.684514809214917,0.0010228586676154405,10000.0,31.36229842438661,10031.362298424387,10050.26521302556,18.902914601172597,0.1880837390905231
2025-02-11 22:55:00,2025-02-12 00:45:00,0.89954,0.89927,0.00026999999999999247,Cierre_Señal,0.00026999999999999247,0.0015500000000000513,0.22233586055094826,-1.5314494074749316,0.0,6.003068234875435,4.471618827400504,6.003068234875435,34.46205838539812,0.0004471618827400504,10000.0,35.83391725178626,10035.833917251786,10050.26521302556,14.431295773772945,0.1435911935445185
2025-02-12 02:25:00,2025-02-12 10:45:00,0.89947,0.89871,0.0007599999999999829,Cierre_Señal,0.0014600000000000168,0.0011400000000000299,0.2223531635296341,0.0,0.0,16.898840428251813,16.898840428251813,32.46356187532695,25.348260642378953,0.0016898840428251813,10000.0,52.73275768003805,10052.732757680038,10052.732757680038,0.0,0.0
2025-02-14 11:25:00,2025-02-14 23:50:00,0.89828,0.9009699999999999,-0.00268999999999997,Cierre_Viernes,0.003410000000000024,0.0019099999999999673,0.2226477267667097,0.0,0.0,-59.892238500244254,-59.892238500244254,75.92287482744854,42.52571581244083,-0.005989223850024425,9992.840519179794,0.0,9992.840519179794,10052.732757680038,59.892238500244275,0.5957806692363138
2025-02-24 11:15:00,2025-02-24 16:50:00,0.90469,0.9037,0.0009900000000000464,Cierre_Señal,0.0010900000000000354,0.0013400000000000079,0.22091192605599252,0.0,0.0,21.870280679544283,21.870280679544283,24.07939994010397,29.602198091503173,0.0021885949883386495,10000.0,14.710799859338294,10014.710799859338,10052.732757680038,38.021957820699754,0.37822509298928614
2025-02-24 17:57:00,2025-02-25 10:52:00,0.9045,0.9039699999999999,0.0005300000000000304,Cierre_Señal,0.0010700000000000154,0.0014299999999999313,0.22111663902708678,-1.5230514096185737,0.0,11.719181868436271,10.196130458817697,23.659480375898625,31.61967938087189,0.0010196130458817697,10000.0,24.90693031815681,10024.906930318157,10052.732757680038,27.825827361881238,0.2767986380680716
2025-02-25 15:20:00,2025-02-25 17:34:00,0.90496,0.9040400000000001,0.0009199999999999209,Cierre_Señal,0.0005199999999999649,0.0016899999999999693,0.221004243281471,0.0,0.0,20.332390381893582,20.332390381893582,11.492220650635716,37.34971711456792,0.002033239038189358,10000.0,45.239320700049575,10045.23932070005,10052.732757680038,7.4934369799884735,0.07454129300576179
2025-02-25 18:41:00,2025-02-26 14:57:00,0.90549,0.9049200000000001,0.0005699999999999594,Cierre_Señal,0.0031599999999999406,0.0016500000000000403,0.2208748854211532,-1.521386210780903,0.0,12.589868469004836,11.068482258223932,69.7964637930831,36.44435609449117,0.0011068482258223932,10000.0,56.307802958273896,10056.307802958274,10056.307802958274,0.0,0.0
2025-02-26 18:18:00,2025-02-26 20:32:00,0.9064,0.90448,0.0019200000000000328,Cierre_Señal,0.0012199999999999989,0.0031799999999999606,0.22065313327449249,0.0,0.0,42.36540158870328,42.36540158870328,26.91968225948806,70.16769638128774,0.004236540158870328,10000.0,98.67320454697801,10098.673204546978,10098.673204546978,0.0,0.0
2025-02-27 04:31:00,2025-02-27 05:38:00,0.90494,0.9042399999999999,0.0007000000000000339,Cierre_Señal,8.000000000008001e-05,0.0008799999999999919,0.22100912767697306,0.0,0.0,15.470638937388864,15.470638937388864,1.7680730214175526,19.44880323557345,0.0015470638937388865,10000.0,114.14384348436761,10114.143843484368,10114.143843484368,0.0,0.0
2025-03-03 14:29:00,2025-03-03 16:05:00,0.89871,0.8981699999999999,0.000540000000000096,Cierre_Señal,0.000140000000000029,0.0013199999999999878,0.22254119793926852,0.0,0.0,12.017224688722635,12.017224688722635,3.1155767711504043,29.375438127983173,0.0012017224688722634,10000.0,126.16106817309083,10126.16106817309,10126.16106817309,0.0,0.0
2025-03-03 17:41:00,2025-03-04 01:51:00,0.89934,0.9007,-0.0013599999999999168,Cierre_Señal,0.003889999999999949,0.0013600000000000279,0.2223853047790602,-1.5317899793181666,0.0,-30.244401449950338,-31.776191429268504,86.50788355905328,30.244401449952807,-0.0031776191429268505,10000.0,94.38487674382304,10094.384876743823,10126.16106817309,31.776191429267783,0.3138029428461449
2025-03-04 14:39:00,2025-03-05 00:25:00,0.89959,0.90278,-0.003190000000000026,Cierre_Señal,0.005879999999999996,0.0021099999999999453,0.22232350292911215,-1.5313642881757246,0.0,-70.92119743438735,-72.45256172256308,130.72621972231786,46.910259118041445,-0.007245256172256308,10000.0,21.932315021260365,10021.93231502126,10126.16106817309,104.22875315183046,1.0293017506844266
2025-03-05 02:01:00,2025-03-05 03:37:00,0.90247,0.90272,-0.00024999999999997247,Cierre_Señal,0.0016399999999999748,0.0013199999999999878,0.22161401487030039,0.0,0.0,-5.540350371756899,-5.540350371756899,36.344698438728706,29.25304996287938,-0.00055403503717569,10000.0,16.39196464950328,10016.391964649503,10126.16106817309,109.76910352358755,1.0840149863761896
2025-03-05 08:25:00,2025-03-06 11:47:00,0.90241,0.9084599999999999,-0.006049999999999889,Cierre_Señal,0.00763999999999998,0.0010300000000000864,0.22162874968140867,-1.5265788278055428,0.0,-134.08539355724977,-135.6119723850553,169.3243647565958,22.827761217187007,-0.013561197238505532,9880.779992264448,0.0,9880.779992264448,10126.16106817309,245.38107590864274,2.4232389180524176
2025-03-06 14:59:00,2025-03-06 16:35:00,0.91012,0.90875,0.0013700000000000934,Cierre_Señal,0.0007800000000000029,0.0021400000000000308,0.2171313671222355,0.0,0.0,29.746997295748287,29.746997295748287,16.93624663553443,46.46611256415906,0.0030105920098450604,9910.526989560196,0.0,9910.526989560196,10126.16106817309,215.63407861289488,2.12947510079255
2025-03-07 11:57:00,2025-03-07 13:33:00,0.90278,0.90172,0.001060000000000061,Cierre_Señal,0.0005100000000000104,0.0012400000000000189,0.2195557497853341,0.0,0.0,23.27290947724675,23.27290947724675,11.197343239052268,27.224912973381844,0.0023483019118723516,9933.799899037444,0.0,9933.799899037444,10126.16106817309,192.3611691356473,1.8996455600557822
2025-03-07 16:45:00,2025-03-07 23:50:00,0.90407,0.90712,-0.003049999999999997,Cierre_Viernes,0.003329999999999944,0.0028799999999999937,0.2197573174430618,0.0,0.0,-67.02598182013378,-67.02598182013378,73.17918670853835,63.29010742360166,-0.006747265145398027,9866.77391721731,0.0,9866.77391721731,10126.16106817309,259.3871509557812,2.5615546623196117
2025-03-12 16:49:00,2025-03-13 12:55:00,0.90604,0.9037499999999999,0.0022900000000000142,Cierre_Señal,0.003590000000000093,0.00268999999999997,0.21779996285411923,-1.5002061441391732,0.0,49.876191493593616,48.375985349454446,78.19018666463083,58.58819000775743,0.0049029181934572745,9915.149902566764,0.0,9915.149902566764,10126.16106817309,211.01116560632727,2.0838219359313115
2025-03-13 20:35:00,2025-03-14 23:50:00,0.90664,0.9088999999999999,-0.0022599999999999287,Cierre_Viernes,0.0049599999999999644,0.0013600000000000279,0.21872297499706086,-4.519691555339266,0.0,-49.431392349334196,-53.95108390467346,108.4865955985414,29.746324599600886,-0.005441277684637626,9861.19881866209,0.0,9861.19881866209,10126.16106817309,264.9622495110016,2.616611050596341
2025-03-18 18:47:00,2025-03-19 00:45:00,0.90943,0.90981,-0.00038000000000004697,Cierre_Señal,0.0010499999999999954,0.0014099999999999113,0.21686548318533783,-1.493769448180607,0.0,-8.240888361043856,-9.734657809224464,22.770875734460372,30.57803312913071,-0.0009871677864157703,9851.464160852865,0.0,9851.464160852865,10126.16106817309,274.69690732022536,2.7127447950991828
2025-03-19 05:35:00,2025-03-19 06:33:00,0.91025,0.90988,0.00036999999999998145,Cierre_Señal,0.00027999999999994696,0.0007300000000000084,0.21645622984570975,0.0,0.0,8.00888050429086,8.00888050429086,6.0607744356787245,15.801304778736993,0.0008129634715737027,9859.473041357156,0.0,9859.473041357156,10126.16106817309,266.6880268159348,2.633653810367933
2025-03-20 01:05:00,2025-03-20 03:59:00,0.91045,0.90852,0.0019299999999999873,Cierre_Señal,0.0007800000000000029,0.0035600000000000076,0.21658461291355166,0.0,0.0,41.80083029231519,41.80083029231519,16.89359980725709,77.10412219722456,0.004239661705749875,9901.273871649471,0.0,9901.273871649471,10126.16106817309,224.88719652361942,2.2208534409989626
2025-03-24 01:20:00,2025-03-24 18:50:00,0.90083,0.8982600000000001,0.002569999999999961,Cierre_Señal,0.0020200000000000218,0.00277000000000005,0.21982558022378187,0.0,0.0,56.49517411751109,56.49517411751109,44.40476720520442,60.89168572198868,0.005705849050320174,9957.769045766983,0.0,9957.769045766983,10126.16106817309,168.39202240610757,1.6629403904641622
2025-03-24 22:35:00,2025-03-25 23:47:00,0.89962,0.89959,2.999999999997449e-05,Cierre_Señal,0.0036599999999999966,0.0018399999999999528,0.22137722695731493,-1.5248463392819853,0.0,0.6641316808713801,-0.8607146584106052,81.02406506637719,40.7334097601449,-8.643649540922948e-05,9956.908331108572,0.0,9956.908331108572,10126.16106817309,169.25273706451844,1.6714403012656613
2025-03-26 01:12:00,2025-03-26 03:42:00,0.89983,0.89939,0.00043999999999999595,Cierre_Señal,0.0007099999999999884,0.0009600000000000719,0.22130643190621724,0.0,0.0,9.73748300387347,9.73748300387347,15.712756665341166,21.245417462998446,0.0009779625040285298,9966.645814112446,0.0,9966.645814112446,10126.16106817309,159.51525406064502,1.575278656805169
2025-03-26 04:57:00,2025-03-26 17:27:00,0.89976,0.89952,0.00024000000000001798,Cierre_Señal,0.0021499999999999853,0.0021700000000000053,0.2215400954501744,0.0,0.0,5.316962290804583,5.316962290804583,47.63112052178717,48.074200712687954,0.0005334755934916376,9971.96277640325,0.0,9971.96277640325,10126.16106817309,154.19829176984058,1.5227714701723605
2025-03-27 03:37:00,2025-03-27 04:52:00,0.89912,0.89888,0.00024000000000001798,Cierre_Señal,0.00017000000000000348,0.0007500000000000284,0.22181605962281453,0.0,0.0,5.323585430947947,5.323585430947947,3.7708730135879245,16.63620447171172,0.0005338553252069089,9977.286361834198,0.0,9977.286361834198,10126.16106817309,148.8747063388928,1.470198877310096
2025-03-27 06:07:00,2025-03-28 03:32:00,0.89944,0.90069,-0.0012499999999999734,Cierre_Señal,0.0039599999999999635,0.0008200000000000429,0.22185551814093654,-4.584422426864313,0.0,-27.731939767616474,-32.31636219448079,87.85478518381007,18.19215248755775,-0.003238993151294079,9944.969999639718,0.0,9944.969999639718,10126.16106817309,181.19106853337325,1.7893362283448528
2025-03-28 11:02:00,2025-03-28 18:32:00,0.90201,0.90049,0.0015199999999999658,Cierre_Señal,0.0008599999999999719,0.0024999999999999467,0.22050686798682315,0.0,0.0,33.51704393399637,33.51704393399637,18.96359064686617,55.12671699670461,0.003370250884136464,9978.487043573714,0.0,9978.487043573714,10126.16106817309,147.67402459937693,1.4583416519368035
2025-03-31 09:41:00,2025-03-31 10:53:00,0.90023,0.8990400000000001,0.0011899999999999133,Cierre_Señal,0.0005899999999999794,0.0015299999999999203,0.2216875030508584,0.0,0.0,26.380812863050227,26.380812863050227,13.079562680000189,33.91818796677957,0.002643768814636067,10000.0,4.867856436763759,10004.867856436764,10126.16106817309,121.29321173632707,1.197820288653676
2025-03-31 21:41:00,2025-04-01 00:15:00,0.89864,0.899,-0.00036000000000002697,Cierre_Señal,0.0006399999999999739,0.0010799999999999699,0.22255853289415117,-1.5329831745749132,0.0,-8.012107184190043,-9.545090358764956,14.243746105225094,24.036321552567657,-0.0009545090358764955,9995.322766078,0.0,9995.322766078,10126.16106817309,130.83830209509142,1.292081976715946
2025-04-01 01:27:00,2025-04-01 03:51:00,0.89866,0.89804,0.0006200000000000649,Cierre_Señal,0.00015999999999993797,0.0009400000000000519,0.22244948625905236,0.0,0.0,13.791868148062692,13.791868148062692,3.559191780143458,20.910251708352074,0.0013798321946009947,10000.0,9.114634226061753,10009.114634226062,10126.16106817309,117.04643394702907,1.1558816135653862
2025-04-01 05:03:00,2025-04-01 19:27:00,0.89851,0.89834,0.00017000000000000348,Cierre_Señal,0.002829999999999999,0.0012300000000000644,0.2225907335477624,0.0,0.0,3.7840424703120386,3.7840424703120386,62.99317759401675,27.37866022637621,0.00037840424703120386,10000.0,12.898676696373514,10012.898676696374,10126.16106817309,113.26239147671731,1.1185126398266103
2025-04-02 01:37:00,2025-04-02 04:01:00,0.89851,0.89764,0.0008700000000000374,Cierre_Señal,0.00039000000000000146,0.0014199999999999768,0.2225907335477624,0.0,0.0,19.365393818656162,19.365393818656162,8.681038608362766,31.607884163781744,0.0019365393818656163,10000.0,32.26407051502974,10032.26407051503,10126.16106817309,93.89699765806108,0.9272714212810905
2025-04-02 05:13:00,2025-04-03 00:35:00,0.9,0.89308,0.006920000000000037,Cierre_Señal,0.0043999999999999595,0.010739999999999972,0.2222222222222222,-1.5306666666666666,0.0,153.7777777777786,152.24711111111193,97.77777777777688,238.66666666666606,0.015224711111111193,10000.0,184.51118162614148,10184.511181626141,10184.511181626141,0.0,0.0
2025-04-03 12:35:00,2025-04-03 13:47:00,0.89718,0.89623,0.0009500000000000064,Cierre_Señal,0.0011600000000000499,0.004329999999999945,0.22292070710448295,0.0,0.0,21.177467174926022,21.177467174926022,25.858802024121132,96.52466617623989,0.002117746717492602,10000.0,205.68864880106776,10205.688648801068,10205.688648801068,0.0,0.0
2025-04-03 16:11:00,2025-04-03 17:23:00,0.89705,0.89553,0.0015199999999999658,Cierre_Señal,0.0009200000000000319,0.0034399999999999986,0.22295301265258347,0.0,0.0,33.88885792319193,33.88885792319193,20.51167716403839,76.69583635248868,0.003388885792319193,10000.0,239.57750672425937,10239.57750672426,10239.57750672426,0.0,0.0
2025-04-07 14:10:00,2025-04-07 18:30:00,0.86126,0.85042,0.010840000000000072,Cierre_Señal,0.008120000000000016,0.01256999999999997,0.23221791328983118,0.0,0.0,251.7242180061787,251.7242180061787,188.56094559134328,291.89791700531714,0.025172421800617868,10000.0,491.30172473043785,10491.301724730438,10491.301724730438,0.0,0.0
2025-04-08 01:10:00,2025-04-08 20:40:00,0.853,0.84953,0.003469999999999973,Cierre_Señal,0.008859999999999979,0.004750000000000032,0.23446658851113716,0.0,0.0,81.35990621336397,81.35990621336397,207.73739742086704,111.3716295427909,0.008135990621336396,10000.0,572.6616309438014,10572.661630943801,10572.661630943801,0.0,0.0
2025-04-09 02:15:00,2025-04-09 03:20:00,0.8485,0.8457600000000001,0.0027399999999999647,Cierre_Señal,0.0010299999999999754,0.0045600000000000085,0.2357100766057749,0.0,0.0,64.58456098998148,64.58456098998148,24.278137890394234,107.48379493223355,0.006458456098998149,10000.0,637.246191933782,10637.246191933782,10637.246191933782,0.0,0.0
2025-04-09 04:25:00,2025-04-11 10:56:00,0.85012,0.86511,-0.014990000000000059,Cierre_Señal,0.02438000000000007,0.004989999999999939,0.2352609043429163,-6.48190843645603,0.0,-352.65609561003293,-359.13800404648896,573.5660847880315,117.3951912671138,-0.03591380040464889,10000.0,278.10818788729375,10278.108187887294,10637.246191933782,359.1380040464883,3.376231005340672
2025-04-11 14:11:00,2025-04-11 15:16:00,0.86729,0.8642,0.003090000000000037,Cierre_Señal,0.0006199999999999539,0.003410000000000024,0.23060337372735762,0.0,0.0,71.25644248175436,71.25644248175436,14.297409171095111,78.6357504410295,0.007125644248175436,10000.0,349.3646303690475,10349.364630369048,10637.246191933782,287.8815615647345,2.706354223361258
2025-04-11 16:21:00,2025-04-11 23:50:00,0.86676,0.87251,-0.005750000000000033,Cierre_Viernes,0.007440000000000002,0.0031200000000000117,0.23074438137431352,0.0,0.0,-132.67801929023105,-132.67801929023105,171.67381974248931,71.99224698878608,-0.013267801929023104,10000.0,216.686611078816,10216.686611078816,10637.246191933782,420.55958085496604,3.9536509098931654
2025-04-17 16:35:00,2025-04-17 18:03:00,0.88514,0.88407,0.0010700000000000154,Cierre_Señal,0.0006699999999999484,0.003290000000000015,0.22595295659443704,0.0,0.0,24.17696635560511,24.17696635560511,15.138848091826116,74.33852271957014,0.002417696635560511,10000.0,240.86357743442022,10240.86357743442,10637.246191933782,396.3826144993618,3.726364957125262
2025-04-17 19:31:00,2025-04-17 20:59:00,0.88424,0.88345,0.0007900000000000684,Cierre_Señal,0.0007899999999999574,0.0014100000000000223,0.22618293675925089,0.0,0.0,17.86845200398237,17.86845200398237,17.868452003979854,31.891794083054883,0.0017868452003982369,10000.0,258.7320294384026,10258.732029438403,10637.246191933782,378.5141624953794,3.5583849021225675
2025-04-17 22:27:00,2025-04-18 00:05:00,0.88422,0.88467,-0.00044999999999995044,Cierre_Señal,0.0007500000000000284,0.0025500000000000522,0.2261880527470539,-4.6739499219651215,0.0,-10.178462373616304,-14.852412295581425,16.964103956029685,57.67795345049993,-0.0014852412295581425,10000.0,243.87961714282028,10243.87961714282,10637.246191933782,393.36657479096175,3.6980113808896458
2025-04-18 03:01:00,2025-04-18 05:57:00,0.88416,0.88263,0.0015299999999999203,Cierre_Señal,0.0007900000000000684,0.0019399999999999418,0.22620340209916756,0.0,0.0,34.60912052117084,34.60912052117084,17.870068765835786,43.88346000723719,0.0034609120521170837,10000.0,278.48873766399083,10278.48873766399,10637.246191933782,358.7574542697912,3.372653483773242
2025-04-18 07:25:00,2025-04-18 11:49:00,0.8842,0.88308,0.0011200000000000099,Cierre_Señal,0.0006200000000000649,0.0021099999999999453,0.2261931689662972,0.0,0.0,25.333634924225514,25.333634924225514,14.023976475911896,47.72675865188747,0.0025333634924225514,10000.0,303.82237258821624,10303.822372588216,10637.246191933782,333.4238193455658,3.134493771502637
2025-04-18 14:45:00,2025-04-18 16:13:00,0.88359,0.8832500000000001,0.00033999999999989594,Cierre_Señal,0.0002300000000000635,0.0012600000000000389,0.22634932491313844,0.0,0.0,7.695877047044353,7.695877047044353,5.206034473003621,28.520014939056324,0.0007695877047044353,10000.0,311.5182496352609,10311.51824963526,10637.246191933782,325.72794229852116,3.062145375045662
2025-04-18 17:41:00,2025-04-18 19:09:00,0.88322,0.8826799999999999,0.000540000000000096,Cierre_Señal,0.0005600000000000049,0.0010099999999999554,0.22644414755100653,0.0,0.0,12.227983967756526,12.227983967756526,12.680872262856479,22.87085890265065,0.0012227983967756525,10000.0,323.74623360301666,10323.746233603017,10637.246191933782,313.49995833076537,2.947190961590155
2025-04-23 03:44:00,2025-04-23 22:38:00,0.88354,0.88242,0.0011200000000000099,Cierre_Señal,0.006430000000000047,0.002449999999999952,0.2263621341422007,0.0,0.0,25.352559023926702,25.352559023926702,145.5508522534361,55.45872286483809,0.0025352559023926703,10000.0,349.09879262694267,10349.098792626943,10637.246191933782,288.14739930683936,2.7088533451951258
2025-04-24 01:30:00,2025-04-24 04:12:00,0.88321,0.88231,0.0009000000000000119,Cierre_Señal,0.00039999999999995595,0.0014100000000000223,0.22644671142763328,0.0,0.0,20.380204028487267,20.380204028487267,9.057868457104334,31.9289863112968,0.002038020402848727,10000.0,369.4789966554308,10369.47899665543,10637.246191933782,267.7671952783512,2.51726048684855
2025-04-24 05:33:00,2025-04-24 06:54:00,0.88276,0.8817200000000001,0.0010399999999999299,Cierre_Señal,0.00019999999999997797,0.0019000000000000128,0.22656214599664687,0.0,0.0,23.562463183649683,23.562463183649683,4.531242919932438,43.046807739363196,0.0023562463183649683,10000.0,393.04145983907983,10393.04145983908,10637.246191933782,244.2047320947022,2.2957514349896546
2025-04-24 10:57:00,2025-04-25 23:50:00,0.88347,0.88628,-0.002809999999999979,Cierre_Viernes,0.006400000000000072,0.0012299999999999534,0.22638006949868134,-4.677917756120751,0.0,-63.61279952912898,-68.29071728524973,144.8832444791577,27.84474854833675,-0.006829071728524973,10000.0,324.7507425538297,10324.75074255383,10637.246191933782,312.49544937995233,2.9377476439054075
2025-04-28 01:15:00,2025-04-28 02:25:00,0.88644,0.88583,0.0006099999999999994,Cierre_Señal,0.0014399999999999968,0.0018299999999999983,0.22562158747348945,0.0,0.0,13.762916835882844,13.762916835882844,32.48950859618241,41.28875050764853,0.0013762916835882845,10000.0,338.5136593897132,10338.513659389713,10637.246191933782,298.7325325440688,2.8083634349893822
2025-04-28 07:05:00,2025-04-28 10:35:00,0.88656,0.88563,0.0009299999999999864,Cierre_Señal,0.0014800000000000368,0.0019900000000000473,0.22559104854719364,0.0,0.0,20.9799675148887,20.9799675148887,33.38747518498549,44.8926186608926,0.00209799675148887,10000.0,359.4936269046011,10359.493626904601,10637.246191933782,277.7525650291809,2.611132242476446
2025-04-28 12:55:00,2025-04-29 11:15:00,0.88725,0.88795,-0.0007000000000000339,Cierre_Señal,0.00389000000000006,0.0019299999999999873,0.22541561003099464,-1.552662721893491,0.0,-15.77909270217039,-17.331755424063882,87.68667230205827,43.50521273598168,-0.0017331755424063882,10000.0,342.16187148053723,10342.161871480537,10637.246191933782,295.0843204532448,2.774066850845354
2025-04-30 07:15:00,2025-04-30 09:35:00,0.88654,0.88605,0.0004899999999999904,Cierre_Señal,0.0007000000000000339,0.0013800000000000479,0.22559613779412097,0.0,0.0,11.054210751911713,11.054210751911713,15.791729645589234,31.132267015589772,0.0011054210751911713,10000.0,353.2160822324495,10353.21608223245,10637.246191933782,284.03010970133255,2.670146996472756
2025-05-01 05:35:00,2025-05-01 06:45:00,0.88514,0.88405,0.0010900000000000354,Cierre_Señal,0.0006899999999999684,0.0016599999999999948,0.22595295659443704,0.0,0.0,24.628872268794435,24.628872268794435,15.590754005015443,37.50819079467643,0.0024628872268794436,10000.0,377.8449545012445,10377.844954501245,10637.246191933782,259.4012374325375,2.43861270813908
2025-05-01 18:25:00,2025-05-01 19:35:00,0.88348,0.88263,0.0008500000000000174,Cierre_Señal,0.00041999999999997595,0.0034399999999999986,0.22637750713089147,0.0,0.0,19.242088106126168,19.242088106126168,9.507855299496898,77.87386245302665,0.001924208810612617,10000.0,397.0870426073707,10397.08704260737,10637.246191933782,240.15914932641135,2.2577191971783437
2025-05-01 21:55:00,2025-05-01 23:05:00,0.8841,0.88337,0.0007300000000000084,Cierre_Señal,0.00044999999999995044,0.0012299999999999534,0.22621875353466803,0.0,0.0,16.513969008030955,16.513969008030955,10.17984390905894,27.824906684763114,0.0016513969008030956,10000.0,413.60101161540115,10413.601011615401,10637.246191933782,223.64518031838088,2.1024725411354197
2025-05-02 00:25:00,2025-05-02 23:50:00,0.88406,0.8906999999999999,-0.006639999999999979,Cierre_Viernes,0.007380000000000053,0.0017099999999999893,0.22622898898264823,0.0,0.0,-150.21604868447795,-150.21604868447795,166.9569938691956,38.685157116032606,-0.015021604868447795,10000.0,263.3849629309225,10263.384962930922,10637.246191933782,373.86122900285955,3.51464300305805
2025-05-07 20:47:00,2025-05-07 22:27:00,0.89064,0.8887,0.0019399999999999418,Cierre_Señal,0.0008799999999999919,0.00270999999999999,0.22455762148567324,0.0,0.0,43.5641785682193,43.5641785682193,19.761070690739064,60.85511542261723,0.00435641785682193,10000.0,306.94914149914257,10306.949141499143,10637.246191933782,330.29705043463946,3.10509923785635
2025-05-08 05:17:00,2025-05-08 10:17:00,0.8923,0.88954,0.0027599999999999847,Cierre_Señal,0.0006899999999999684,0.003950000000000009,0.2241398632746834,0.0,0.0,61.86260226381228,61.86260226381228,15.465650565952448,88.53524599350015,0.006186260226381228,10000.0,368.8117437629553,10368.811743762955,10637.246191933782,268.4344481708267,2.5235332841537543
2025-05-08 13:37:00,2025-05-09 04:47:00,0.89105,0.88979,0.0012600000000000389,Cierre_Señal,0.0020299999999999763,0.0020200000000000218,0.22445429549408003,-4.638123562089669,0.0,28.281241232254956,23.64311767016529,45.564221985297706,45.33976768980466,0.002364311767016529,10000.0,392.45486143311973,10392.45486143312,10637.246191933782,244.7913305006623,2.3012660051648277
2025-05-09 06:27:00,2025-05-09 13:07:00,0.89086,0.8905500000000001,0.00030999999999992145,Cierre_Señal,0.0015500000000000513,0.002769999999999939,0.2245021664459062,0.0,0.0,6.9595671598213285,6.9595671598213285,34.79783579911662,62.18710010551465,0.0006959567159821328,10000.0,399.4144285929415,10399.414428592941,10637.246191933782,237.83176334084055,2.235839605942262
2025-05-09 14:47:00,2025-05-09 23:50:00,0.89082,0.89336,-0.0025400000000000977,Cierre_Viernes,0.004590000000000094,0.0010799999999999699,0.22451224714308166,0.0,0.0,-57.026110774344936,-57.026110774344936,103.05112143867659,24.247322691452144,-0.0057026110774344935,10000.0,342.388317818597,10342.388317818597,10637.246191933782,294.85787411518504,2.771938044818175
2025-05-13 06:15:00,2025-05-14 22:25:00,0.89216,0.8982100000000001,-0.006050000000000111,Cierre_Señal,0.01206000000000007,0.0017599999999999838,0.22417503586800575,-1.5441176470588236,0.0,-135.62589670014597,-137.17001434720478,270.35509325681653,39.454806312768646,-0.013717001434720478,10000.0,205.21830347139257,10205.218303471393,10637.246191933782,432.02788846238946,4.061463659551247
2025-05-14 23:40:00,2025-05-15 02:20:00,0.89888,0.89807,0.0008099999999999774,Cierre_Señal,0.00015999999999993797,0.00273000000000001,0.22249911000355999,-1.5325738697045213,0.0,18.022427910287856,16.489854040583335,3.5599857600555795,60.742257030972105,0.0016489854040583336,10000.0,221.70815751197551,10221.708157511976,10637.246191933782,415.5380344218065,3.906443706613736
2025-05-15 03:35:00,2025-05-15 08:35:00,0.89857,0.8976000000000001,0.0009699999999999154,Cierre_Señal,0.002589999999999981,0.0012599999999999278,0.22257587054987368,0.0,0.0,21.58985944333586,21.58985944333586,57.64715047241687,28.044559689282476,0.002158985944333586,10000.0,243.29801695531205,10243.298016955312,10637.246191933782,393.94817497847,3.7034789631662437
2025-05-15 09:50:00,2025-05-15 11:05:00,0.89961,0.89795,0.0016599999999999948,Cierre_Señal,0.00015999999999993797,0.00270999999999999,0.2223185602650037,0.0,0.0,36.9048810039905,36.9048810039905,3.5570969642386805,60.24832983181579,0.00369048810039905,10000.0,280.2028979593033,10280.202897959303,10637.246191933782,357.04329397447873,3.356538783930981
2025-05-19 06:20:00,2025-05-19 07:35:00,0.89618,0.89524,0.0009399999999999409,Cierre_Señal,0.00040000000000006697,0.0012400000000000189,0.22316945256533285,0.0,0.0,20.97792854113997,20.97792854113997,8.926778102614808,27.673012118101695,0.002097792854113997,10000.0,301.1808265004438,10301.180826500444,10637.246191933782,336.06536543333823,3.1593267596662042
2025-05-19 11:20:00,2025-05-20 08:45:00,0.89618,0.89506,0.0011200000000000099,Cierre_Señal,0.0049400000000000555,0.0013900000000000023,0.22316945256533285,-1.5371911892700127,0.0,24.994978687317502,23.45778749804749,110.24570956727567,31.020553906581316,0.0023457787498047493,10000.0,324.63861399849156,10324.638613998492,10637.246191933782,312.60757793529046,2.9388017565330076
2025-05-21 08:40:00,2025-05-21 11:10:00,0.89604,0.89518,0.0008599999999999719,Cierre_Señal,0.000660000000000105,0.0014899999999999913,0.22320432123565911,0.0,0.0,19.195571626266055,19.195571626266055,14.731485201555843,33.257443864113014,0.0019195571626266054,10000.0,343.8341856247571,10343.834185624757,10637.246191933782,293.41200630902495,2.7583455437133635
2025-05-23 13:30:00,2025-05-23 14:45:00,0.89237,0.89208,0.00029000000000001247,Cierre_Señal,0.0007000000000000339,0.0007599999999999829,0.2241222811165772,0.0,0.0,6.4995461523810185,6.4995461523810185,15.688559678161164,17.033293364859485,0.0006499546152381019,10000.0,350.3337317771384,10350.333731777138,10637.246191933782,286.91246015664365,2.697243769484335
2025-05-26 01:30:00,2025-05-26 12:50:00,0.89247,0.89219,0.00027999999999994696,Cierre_Señal,0.002610000000000001,0.003009999999999957,0.2240971685322756,0.0,0.0,6.274720718902528,6.274720718902528,58.489360986923955,67.453247728214,0.0006274720718902528,10000.0,356.6084524960406,10356.60845249604,10637.246191933782,280.6377394377414,2.6382555632730287
2025-05-26 14:15:00,2025-05-26 18:30:00,0.8926,0.89238,0.00021999999999999797,Cierre_Señal,0.0006200000000000649,0.0006199999999999539,0.22406453058480844,0.0,0.0,4.92941967286574,4.92941967286574,13.892000896259578,13.892000896257091,0.0004929419672865741,10000.0,361.5378721689067,10361.537872168907,10637.246191933782,275.70831976487534,2.5919144371589784
2025-06-02 14:20:00,2025-06-02 16:35:00,0.88826,0.88735,0.0009100000000000774,Cierre_Señal,0.0005499999999999394,0.0010900000000000354,0.22515930020489497,0.0,0.0,20.489496318647188,20.489496318647188,12.38376151126786,24.542363722334347,0.002048949631864719,10000.0,382.02736848755376,10382.027368487554,10637.246191933782,255.21882344622827,2.399294129713389
2025-06-02 17:20:00,2025-06-03 08:30:00,0.88897,0.8864799999999999,0.0024900000000001032,Cierre_Señal,0.0021099999999999453,0.0027200000000000557,0.22497947062330562,-1.5496585936533291,0.0,56.01988818520542,54.47022959155209,47.47066830151625,61.19441600954038,0.005447022959155209,10000.0,436.49759807910596,10436.497598079106,10637.246191933782,200.74859385467607,1.8872233492809785
2025-06-03 10:00:00,2025-06-03 10:45:00,0.88708,0.88701,7.00000000000145e-05,Cierre_Señal,0.000140000000000029,0.0010399999999999299,0.22545880867565496,0.0,0.0,1.5782116607299115,1.5782116607299115,3.156423321459823,23.447716102266533,0.00015782116607299115,10000.0,438.0758097398357,10438.075809739836,10637.246191933782,199.17038219394635,1.8723866929485675
2025-06-03 17:30:00,2025-06-03 18:15:00,0.88714,0.88629,0.0008500000000000174,Cierre_Señal,0.00017000000000000348,0.0018200000000000438,0.22544356020470274,0.0,0.0,19.162702617400125,19.162702617400125,3.832540523480025,41.030727957256886,0.0019162702617400126,10000.0,457.2385123572367,10457.238512357237,10637.246191933782,180.00767957654534,1.6922394793592828
2025-06-03 20:30:00,2025-06-03 21:15:00,0.88742,0.8869400000000001,0.00047999999999992493,Cierre_Señal,0.00017000000000000348,0.0010499999999999954,0.22537242793716616,0.0,0.0,10.817876540982285,10.817876540982285,3.831331274931903,23.664104933402346,0.0010817876540982286,10000.0,468.05638889821967,10468.05638889822,10637.246191933782,169.18980303556236,1.5905413862081983
2025-06-03 22:00:00,2025-06-03 22:45:00,0.88718,0.88703,0.00014999999999998348,Cierre_Señal,0.0,0.00044999999999995044,0.22543339570323948,0.0,0.0,3.3815009355482197,3.3815009355482197,0.0,10.144502806644658,0.000338150093554822,10000.0,471.43788983376726,10471.437889833767,10637.246191933782,165.80830210001477,1.5587521347935627
2025-06-04 04:56:00,2025-06-04 05:41:00,0.88742,0.88675,0.0006699999999999484,Cierre_Señal,0.0007599999999999829,0.0023699999999999832,0.22537242793716616,0.0,0.0,15.099952671788971,15.099952671788971,17.128304523224244,53.413265421108,0.0015099952671788971,10000.0,486.5378425055569,10486.537842505557,10637.246191933782,150.70834942822512,1.4167985464368322
2025-06-04 11:41:00,2025-06-06 16:31:00,0.88745,0.88768,-0.0002300000000000635,Cierre_Señal,0.0043600000000000305,0.0012799999999999478,0.22536480928503014,-6.20925122542115,0.0,-5.183390613557124,-11.392641838978275,98.25905684827383,28.84669558848268,-0.0011392641838978274,10000.0,475.1452006665786,10475.145200666579,10637.246191933782,162.10099126720343,1.5238999675510427
2025-06-06 17:16:00,2025-06-06 23:50:00,0.88843,0.8895500000000001,-0.0011200000000000099,Cierre_Viernes,0.0016999999999999238,0.0010700000000000154,0.22511621624663733,0.0,0.0,-25.213016219623604,-25.213016219623604,38.26975676192663,24.08743513839054,-0.0025213016219623606,10000.0,449.9321844469541,10449.932184446954,10637.246191933782,187.3140074868279,1.7609257519006
2025-06-10 19:39:00,2025-06-10 23:51:00,0.8918,0.89189,-8.999999999992347e-05,Cierre_Señal,0.0010199999999999099,0.00043999999999999595,0.22426553038797936,0.0,0.0,-2.018389773490098,-2.018389773490098,22.875084099571875,9.867683337071002,-0.00020183897734900983,10000.0,447.9137946734645,10447.913794673465,10637.246191933782,189.33239726031752,1.7799004915754246
2025-06-11 02:21:00,2025-06-11 03:17:00,0.89216,0.89201,0.00014999999999998348,Cierre_Señal,0.00041000000000002146,0.0006399999999999739,0.22417503586800575,0.0,0.0,3.362625538019716,3.362625538019716,9.191176470588717,14.347202295551783,0.0003362625538019716,10000.0,451.27642021148495,10451.276420211485,10637.246191933782,185.96977172229708,1.748288686439521
2025-06-16 10:05:00,2025-06-17 18:24:00,0.88324,0.88412,-0.0008799999999999919,Cierre_Señal,0.00492999999999999,0.0009500000000000064,0.22643901997192156,-1.5597119695665957,0.0,-19.926633757528915,-21.48634572709551,111.6344368461571,21.511706897332694,-0.002148634572709551,10000.0,429.79007448439006,10429.79007448439,10637.246191933782,207.45611744939197,1.950280304753178
2025-06-17 18:54:00,2025-06-17 19:54:00,0.88482,0.88425,0.0005700000000000705,Cierre_Señal,0.0006599999999999939,0.0009600000000000719,0.22603467371894848,0.0,0.0,12.883976401981656,12.883976401981656,14.91828846545046,21.699328677020677,0.0012883976401981655,10000.0,442.67405088637133,10442.674050886371,10637.246191933782,194.5721410474107,1.829158952764999
2025-06-17 23:24:00,2025-06-19 09:14:00,0.88443,0.88722,-0.002789999999999959,Cierre_Señal,0.00818999999999992,0.0012800000000000589,0.22613434641520527,-3.115226756215868,0.0,-63.091482649841346,-66.20670940605721,185.2040297140513,28.945196341147604,-0.006620670940605721,10000.0,376.46734148031464,10376.467341480315,10637.246191933782,260.7788504534674,2.451563550829686
2025-06-19 21:14:00,2025-06-19 21:44:00,0.88754,0.88743,0.00010999999999994348,Cierre_Señal,0.00034999999999996145,0.0006199999999999539,0.22534195641886562,0.0,0.0,2.478761520606248,2.478761520606248,7.886968474659429,13.97120129796863,0.0002478761520606248,10000.0,378.94610300092063,10378.94610300092,10637.246191933782,258.3000889328614,2.4282608888824084
2025-06-19 22:14:00,2025-06-19 22:44:00,0.8876,0.88723,0.00036999999999998145,Cierre_Señal,0.0001300000000000745,0.0005099999999998994,0.22532672374943669,0.0,0.0,8.33708877872874,8.33708877872874,2.9292474087443554,11.491662911219004,0.000833708877872874,10000.0,387.2831917796502,10387.28319177965,10637.246191933782,249.9630001541318,2.3498845062331886
2025-06-19 23:44:00,2025-06-20 00:24:00,0.88763,0.8882300000000001,-0.0006000000000000449,Cierre_Señal,9.999999999998899e-05,0.0024300000000000432,0.2253191081869698,-4.655994051575544,0.0,-13.5191464912192,-18.175140542794743,2.2531910818694496,54.752543289434634,-0.0018175140542794743,10000.0,369.1080512368553,10369.108051236855,10637.246191933782,268.1381406969267,2.5207477185237632
2025-06-20 01:24:00,2025-06-20 04:24:00,0.88792,0.88745,0.00047000000000008146,Cierre_Señal,0.0009599999999999609,0.0013199999999999878,0.22524551761419948,0.0,0.0,10.58653932786921,10.58653932786921,21.62356969096227,29.732408325074054,0.001058653932786921,10000.0,379.6945905647244,10379.694590564724,10637.246191933782,257.5516013690576,2.4212244101707343
2025-06-20 05:24:00,2025-06-20 17:54:00,0.88758,0.88769,-0.00010999999999994348,Cierre_Señal,0.0029399999999999427,0.0006099999999999994,0.225331801077086,0.0,0.0,-2.4786498118466724,-2.4786498118466724,66.24754951666199,13.745239865702233,-0.00024786498118466724,10000.0,377.21594075287794,10377.215940752878,10637.246191933782,260.0302511809041,2.444526021951855
2025-06-20 18:24:00,2025-06-20 18:54:00,0.8881,0.88685,0.0012499999999999734,Cierre_Señal,0.00019999999999997797,0.0013900000000000023,0.22519986488008106,0.0,0.0,28.149983110009533,28.149983110009533,4.503997297601125,31.30278121833132,0.0028149983110009533,10000.0,405.36592386288794,10405.365923862888,10637.246191933782,231.8802680708941,2.1798900193428707
2025-06-23 20:15:00,2025-06-27 07:25:00,0.88542,0.89308,-0.00766,Cierre_Señal,0.010680000000000023,0.002569999999999961,0.22588150256375505,-9.335230737954868,0.0,-173.02523096383638,-182.36046170179125,241.2414447380909,58.05154615888418,-0.018236046170179127,10000.0,223.00546216109615,10223.005462161096,10637.246191933782,414.2407297726859,3.8942478372532583
2025-06-27 10:10:00,2025-06-27 11:05:00,0.89352,0.89342,9.999999999998899e-05,Cierre_Señal,0.0005399999999999849,0.0009399999999999409,0.22383382576775002,0.0,0.0,2.2383382576772535,2.2383382576772535,12.087026591458164,21.04037962216718,0.00022383382576772535,10000.0,225.2438004187734,10225.243800418773,10637.246191933782,412.00239151500864,3.8732053774164767
2025-06-27 20:15:00,2025-06-27 23:50:00,0.89379,0.89381,-2.0000000000020002e-05,Cierre_Viernes,0.0022499999999999742,0.0009099999999999664,0.22376620906476913,0.0,0.0,-0.44753241812998584,-0.44753241812998584,50.34739703957248,20.36272502489324,-4.475324181299858e-05,10000.0,224.79626800064398,10224.796268000644,10637.246191933782,412.44992393313805,3.877412598064136
2025-06-30 16:31:00,2025-07-01 05:15:00,0.89363,0.8930699999999999,0.000560000000000116,Cierre_Señal,0.003049999999999997,0.0015000000000000568,0.22380627328984032,-1.5415776104204202,0.0,12.533151304233654,10.991573693813233,68.26091335340124,33.57094099347732,0.0010991573693813234,10000.0,235.7878416944568,10235.787841694457,10637.246191933782,401.4583502393252,3.774081590249842
2025-07-01 06:13:00,2025-07-02 15:15:00,0.89391,0.89439,-0.00048000000000003595,Cierre_Señal,0.004330000000000056,0.0010900000000000354,0.22373617030797283,-1.5410947410813167,0.0,-10.7393361747835,-12.280430915864816,96.87776174335349,24.38724256356983,-0.0012280430915864815,10000.0,223.5074107785913,10223.507410778591,10637.246191933782,413.73878115519074,3.889529053759502
2025-07-02 18:09:00,2025-07-02 20:05:00,0.89521,0.89467,0.0005399999999999849,Cierre_Señal,0.0007200000000000539,0.0020899999999999253,0.22341126663017616,0.0,0.0,12.064208398029177,12.064208398029177,16.08561119737389,46.69295472570515,0.0012064208398029177,10000.0,235.57161917662052,10235.57161917662,10637.246191933782,401.6745727571615,3.776114282865345
2025-07-02 22:01:00,2025-07-03 00:07:00,0.89482,0.89561,-0.0007900000000000684,Cierre_Señal,0.000520000000000076,0.0013199999999999878,0.22350863860888223,-1.539527502737981,0.0,-17.657182450103228,-19.19670995284121,11.622449207663573,29.50314029637218,-0.001919670995284121,10000.0,216.37490922377947,10216.37490922378,10637.246191933782,420.87128271000256,3.9565811970127105
2025-07-03 01:05:00,2025-07-03 03:01:00,0.89474,0.89433,0.00041000000000002146,Cierre_Señal,0.00029999999999996696,0.0011499999999999844,0.22352862284015468,0.0,0.0,9.164673536446822,9.164673536446822,6.705858685203902,25.70579162661744,0.0009164673536446821,10000.0,225.53958276022604,10225.539582760226,10637.246191933782,411.706609173556,3.8704247485195262
2025-07-08 07:36:00,2025-07-11 23:50:00,0.89266,0.90039,-0.007730000000000015,Cierre_Viernes,0.009530000000000038,0.004190000000000027,0.22404947012300316,-7.716263751036228,0.0,-173.19024040508177,-180.906504156118,213.5191450272229,93.87672798153893,-0.018090650415611798,10000.0,44.63307860410714,10044.633078604107,10637.246191933782,592.6131133296749,5.571114014255429
2025-07-14 01:23:00,2025-07-14 05:17:00,0.89985,0.89908,0.0007700000000000484,Cierre_Señal,0.0012299999999999534,0.0017500000000000293,0.22225926543312774,0.0,0.0,17.113963438351913,17.113963438351913,27.337889648273677,38.895371450798,0.0017113963438351912,10000.0,61.747042042459725,10061.74704204246,10637.246191933782,575.4991498913223,5.410226852958645
2025-07-14 13:05:00,2025-07-14 14:23:00,0.89871,0.89818,0.0005300000000000304,Cierre_Señal,2.0000000000020002e-05,0.0009299999999999864,0.22254119793926852,0.0,0.0,11.794683490781908,11.794683490781908,0.4450823958789822,20.696331408351668,0.0011794683490781908,10000.0,73.54172553324133,10073.541725533241,10637.246191933782,563.7044664005407,5.299345866677388
2025-07-14 16:59:00,2025-07-14 18:17:00,0.89833,0.89747,0.0008599999999999719,Cierre_Señal,0.000160000000000049,0.0016800000000000148,0.2226353344539312,0.0,0.0,19.146638763037455,19.146638763037455,3.5621653512639897,37.40273618826077,0.0019146638763037455,10000.0,92.68836429627845,10092.688364296278,10637.246191933782,544.5578276375036,5.119349668248174
2025-07-15 03:33:00,2025-07-15 06:09:00,0.89733,0.8965099999999999,0.0008200000000000429,Cierre_Señal,0.000280000000000058,0.0014199999999999768,0.22288344310342906,0.0,0.0,18.27644233448214,18.27644233448214,6.240736406897306,31.649448920686407,0.0018276442334482141,10000.0,110.96480663076,10110.96480663076,10637.246191933782,526.281385303022,4.947534124970248
2025-07-15 08:45:00,2025-07-15 15:15:00,0.8969,0.89835,-0.0014499999999999513,Cierre_Señal,0.002429999999999932,0.0008299999999999974,0.2229902999219534,0.0,0.0,-32.33359348868216,-32.33359348868216,54.18664288103317,18.508194893522077,-0.0032333593488682163,10000.0,78.6312131420782,10078.631213142078,10637.246191933782,558.6149787917038,5.2514999532050055
2025-07-16 03:07:00,2025-07-16 09:37:00,0.89409,0.89494,-0.0008499999999999064,Cierre_Señal,0.0015899999999999803,0.0007100000000000994,0.22369112729143598,0.0,0.0,-19.013745819769962,-19.013745819769962,35.56688923933788,15.882070037694179,-0.0019013745819769963,10000.0,59.617467322308585,10059.617467322309,10637.246191933782,577.6287246114734,5.430246834462561
2025-07-16 13:31:00,2025-07-16 17:25:00,0.89476,0.89375,0.0010099999999999554,Cierre_Señal,0.0007599999999999829,0.0016300000000000203,0.2235236264473155,0.0,0.0,22.57588627117787,22.57588627117787,16.987795609995597,36.434351110912885,0.002257588627117787,10000.0,82.19335359348588,10082.193353593486,10637.246191933782,555.0528383402961,5.218012522462744
2025-07-16 18:43:00,2025-07-16 20:01:00,0.89525,0.89358,0.0016699999999999493,Cierre_Señal,0.0013600000000000279,0.0026199999999999557,0.2234012845573862,0.0,0.0,37.30801452108236,37.30801452108236,30.382574699805144,58.53113655403419,0.0037308014521082364,10000.0,119.50136811456832,10119.501368114568,10637.246191933782,517.7448238192137,4.867282513511997
2025-07-17 01:23:00,2025-07-17 02:41:00,0.89312,0.89287,0.00024999999999997247,Cierre_Señal,0.00027999999999994696,0.0011400000000000299,0.22393407380867072,0.0,0.0,5.598351845216151,5.598351845216151,6.2701540666415925,25.52848441418913,0.0005598351845216152,10000.0,125.09971995978412,10125.099719959784,10637.246191933782,512.1464719739979,4.814652803301275
2025-07-17 11:47:00,2025-07-17 13:05:00,0.88927,0.88889,0.00038000000000004697,Cierre_Señal,0.00043999999999999595,0.0016199999999999548,0.22490357259325064,0.0,0.0,8.546335758544581,8.546335758544581,9.895757194102938,36.43437876010559,0.0008546335758544581,10000.0,133.64605571832908,10133.646055718329,10637.246191933782,503.60013621545295,4.734309304576712
2025-07-17 14:23:00,2025-07-18 00:57:00,0.88909,0.8923,-0.003209999999999935,Cierre_Señal,0.003149999999999986,0.0010300000000000864,0.2249491052649338,-4.648348311194592,0.0,-72.2086627900423,-76.85701110123689,70.85896815845385,23.169757842290124,-0.007685701110123689,10000.0,56.78904461709135,10056.789044617091,10637.246191933782,580.4571473166907,5.456836636505142
2025-07-18 02:15:00,2025-07-18 07:27:00,0.89257,0.89342,-0.0008500000000000174,Cierre_Señal,0.0017800000000000038,0.0011900000000000244,0.22407206157500253,0.0,0.0,-19.046125233875603,-19.046125233875603,39.88482696035054,26.66457532742585,-0.0019046125233875603,10000.0,37.74291938321585,10037.742919383216,10637.246191933782,599.5032725505662,5.635887914347316
2025-07-18 10:03:00,2025-07-18 19:09:00,0.89393,0.89495,-0.0010200000000000209,Cierre_Señal,0.0022100000000000453,0.0010799999999999699,0.2237311646325775,0.0,0.0,-22.82057879252337,-22.82057879252337,49.44458738380064,24.162965780317695,-0.0022820578792523373,10000.0,14.922340590692329,10014.922340590692,10637.246191933782,622.3238513430897,5.8504225634544165
2025-07-21 03:01:00,2025-07-21 05:57:00,0.89342,0.89297,0.00044999999999995044,Cierre_Señal,0.00043999999999999595,0.0010599999999999499,0.22385887936244991,0.0,0.0,10.073649571309137,10.073649571309137,9.849790691947705,23.72904121241857,0.0010073649571309135,10000.0,24.995990162002272,10024.995990162002,10637.246191933782,612.2502017717798,5.755720895470566
2025-07-21 07:25:00,2025-07-21 22:05:00,0.89318,0.89329,-0.0001100000000000545,Cierre_Señal,0.0012300000000000644,0.00046000000000001595,0.22391903087843437,0.0,0.0,-2.4631093396639985,-2.4631093396639985,27.54204079804887,10.300275420408337,-0.00024631093396639984,10000.0,22.532880822338484,10022.532880822338,10637.246191933782,614.7133111114435,5.778876412370528
2025-07-23 06:42:00,2025-07-25 23:50:00,0.89259,0.89983,-0.007240000000000024,Cierre_Viernes,0.008319999999999994,0.0011200000000000099,0.2240670408586249,-6.173495109736833,0.0,-162.22453758164497,-168.3980326913818,186.42377799437577,25.09550857616621,-0.016839803269138177,9854.134848130956,0.0,9854.134848130956,10637.246191933782,783.111343802826,7.361974421506376
2025-07-28 15:41:00,2025-07-28 16:59:00,0.89573,0.89408,0.0016500000000000403,Cierre_Señal,0.0005800000000000249,0.0018200000000000438,0.2200246692224433,0.0,0.0,36.30407042170403,36.30407042170403,12.76143081490226,40.04448979848564,0.0036841458921774207,9890.43891855266,0.0,9890.43891855266,10637.246191933782,746.8072733811223,7.020682420111944
2025-07-28 22:11:00,2025-07-29 03:33:00,0.89491,0.8950199999999999,-0.00010999999999994348,Cierre_Señal,0.0013800000000000479,0.0007399999999999629,0.22103762207490496,-1.5225071408519453,0.0,-2.431413842822705,-3.9539209836746503,30.50319184633794,16.356784033542148,-0.0003997720441160418,9886.484997568985,0.0,9886.484997568985,10637.246191933782,750.7611943647971,7.057852951961372
2025-07-29 04:51:00,2025-07-29 07:28:00,0.89597,0.89569,0.000280000000000058,Cierre_Señal,0.0005699999999999594,0.0012800000000000589,0.2206878577981179,0.0,0.0,6.179260018348581,6.179260018348581,12.579207894491825,28.248045798160387,0.0006250209270400973,9892.664257587334,0.0,9892.664257587334,10637.246191933782,744.5819343464482,6.999762165052307
2025-07-29 08:46:00,2025-07-29 10:04:00,0.8961,0.89435,0.0017500000000000293,Cierre_Señal,0.00046999999999997044,0.0018799999999999928,0.22079375644654245,0.0,0.0,38.638907378145575,38.638907378145575,10.377306552986843,41.50922621194982,0.0039058140832497028,9931.303164965479,0.0,9931.303164965479,10637.246191933782,705.9430269683035,6.636520526371005
2025-07-29 12:40:00,2025-07-29 15:16:00,0.89558,0.89517,0.00041000000000002146,Cierre_Señal,0.00046999999999997044,0.0011500000000000954,0.2217848358597887,0.0,0.0,9.093178270251812,9.093178270251812,10.423887285409414,25.505256123877814,0.0009156077625673227,9940.39634323573,0.0,9940.39634323573,10637.246191933782,696.8498486980516,6.5510361998246545
2025-07-29 17:52:00,2025-07-30 00:32:00,0.89558,0.89696,-0.0013799999999999368,Cierre_Señal,0.0019599999999999618,0.0014000000000000679,0.22198790377712166,-1.529052681216814,0.0,-30.634330721241387,-32.1633834024582,43.509629140315,31.07830652879854,-0.0032356238415327206,9908.232959833273,0.0,9908.232959833273,10637.246191933782,729.0132321005094,6.853401895063025
2025-07-30 01:50:00,2025-07-30 05:44:00,0.89672,0.89688,-0.000160000000000049,Cierre_Señal,0.0015500000000000513,0.0013299999999999423,0.22098833437044502,0.0,0.0,-3.535813349928203,-3.535813349928203,34.25319182742012,29.39144847126791,-0.0003568560977786801,9904.697146483344,0.0,9904.697146483344,10637.246191933782,732.5490454504379,6.886641826584115
2025-07-30 09:38:00,2025-07-30 10:56:00,0.8967,0.8953,0.0014000000000000679,Cierre_Señal,0.00034999999999996145,0.0015500000000000513,0.2209144005014686,0.0,0.0,30.928016070207104,30.928016070207104,7.73200401755055,34.24173207772877,0.0031225604996098317,9935.625162553551,0.0,9935.625162553551,10637.246191933782,701.6210293802305,6.595889732365783
2025-07-30 21:20:00,2025-07-30 22:38:00,0.89195,0.88947,0.0024800000000000377,Cierre_Señal,0.0009700000000000264,0.0039000000000000146,0.22278435254338363,0.0,0.0,55.25051943075999,55.25051943075999,21.610082196708802,86.88589749191995,0.00556084982342068,9990.875681984311,0.0,9990.875681984311,10637.246191933782,646.3705099494709,6.076483502277247
2025-07-31 02:42:00,2025-07-31 11:48:00,0.89123,0.89336,-0.0021300000000000763,Cierre_Señal,0.003190000000000026,0.0013999999999999568,0.22420420501967642,0.0,0.0,-47.75549566919278,-47.75549566919278,71.52114140127736,31.38858870275373,-0.004779910909641902,9943.120186315118,0.0,9943.120186315118,10637.246191933782,694.1260056186638,6.525429543456644
2025-07-31 22:12:00,2025-07-31 23:30:00,0.89046,0.88983,0.0006300000000000194,Cierre_Señal,0.0004899999999999904,0.0007599999999999829,0.223325476412531,0.0,0.0,14.069505013989888,14.069505013989888,10.942948344213807,16.972736207351975,0.00141499898928648,9957.189691329108,0.0,9957.189691329108,10637.246191933782,680.0565006046745,6.393163120736653
2025-08-01 02:16:00,2025-08-01 10:04:00,0.8904,0.89154,-0.0011400000000000299,Cierre_Señal,0.0016000000000000458,0.0008799999999999919,0.22365655191664663,0.0,0.0,-25.496846918498385,-25.496846918498385,35.785048306664486,19.681776568664723,-0.002560646900269609,9931.692844410609,0.0,9931.692844410609,10637.246191933782,705.5533475231732,6.632857177435585
2025-08-01 11:22:00,2025-08-01 12:40:00,0.892,0.89113,0.0008700000000000374,Cierre_Señal,0.00014999999999998348,0.0013499999999999623,0.22268369606301813,0.0,0.0,19.37348155748341,19.37348155748341,3.340255440944904,30.062298968506614,0.001950672645739994,9951.066325968091,0.0,9951.066325968091,10637.246191933782,686.1798659656906,6.450728445920715
2025-08-01 16:34:00,2025-08-01 17:53:00,0.89266,0.89088,0.0017800000000000038,Cierre_Señal,0.002769999999999939,0.0026599999999999957,0.22295311374920107,0.0,0.0,39.685654247357874,39.685654247357874,61.758012508527344,59.305528257287385,0.003988080568189465,9990.75198021545,0.0,9990.75198021545,10637.246191933782,646.4942117183327,6.077646413867613
2025-08-01 21:47:00,2025-08-01 23:50:00,0.89041,0.8917999999999999,-0.0013899999999998913,Cierre_Viernes,0.0018099999999999783,0.0014500000000000624,0.22440790153334866,0.0,0.0,-31.19269831313303,-31.19269831313303,40.61783017753562,32.539145722336954,-0.00312215720847675,9959.559281902317,0.0,9959.559281902317,10637.246191933782,677.6869100314652,6.370886767153654
2025-08-04 00:05:00,2025-08-04 18:56:00,0.89041,0.8907,-0.00029000000000001247,Cierre_Señal,0.003070000000000017,0.0011200000000000099,0.2237072647859372,0.0,0.0,-6.487510678792457,-6.487510678792457,68.6781302892831,25.055213656025188,-0.000651385316876523,9953.071771223524,0.0,9953.071771223524,10637.246191933782,684.1744207102583,6.431875396745705
2025-08-04 23:17:00,2025-08-05 05:15:00,0.89107,0.89028,0.0007900000000000684,Cierre_Señal,0.0006099999999999994,0.0017200000000000548,0.22339595702298415,-1.5387513519743148,0.0,17.648280604817277,16.10952925284296,13.62715337840202,38.4241046079545,0.001618548486651034,9969.181300476366,0.0,9969.181300476366,10637.246191933782,668.0648914574158,6.280430850270337
2025-08-05 06:42:00,2025-08-05 11:03:00,0.89065,0.89021,0.00044000000000010697,Cierre_Señal,0.0009099999999999664,0.0007300000000000084,0.22386305059173336,0.0,0.0,9.849974226038663,9.849974226038663,20.371537603846985,16.342002693196722,0.0009880424409141795,9979.031274702405,0.0,9979.031274702405,10637.246191933782,658.2149172313766,6.187831938406207
2025-08-05 12:30:00,2025-08-07 18:30:00,0.89138,0.89406,-0.0026800000000000157,Cierre_Señal,0.006190000000000029,0.0013399999999998968,0.22390072190765792,-3.0844563449998956,0.0,-60.00539347125268,-63.089849816252574,138.5945468608409,30.00269673562385,-0.006322241917027566,9915.941424886152,0.0,9915.941424886152,10637.246191933782,721.3047670476299,6.780935159652457
2025-08-07 22:51:00,2025-08-08 12:05:00,0.89526,0.8955299999999999,-0.00026999999999999247,Cierre_Señal,0.0020500000000001073,0.0013799999999999368,0.22152093078851176,-4.5775085138138065,0.0,-5.98106513128965,-10.558573645103458,45.41179081164729,30.569888448813224,-0.0010648079887406842,9905.38285124105,0.0,9905.38285124105,10637.246191933782,731.8633406927329,6.880195564597392
2025-08-08 14:59:00,2025-08-08 23:50:00,0.89593,0.89696,-0.0010299999999999754,Cierre_Viernes,0.0019799999999999818,0.000500000000000056,0.22111957075309566,0.0,0.0,-22.77531578756831,-22.77531578756831,43.78167500911254,11.05597853765602,-0.0022992867746363566,9882.60753545348,0.0,9882.60753545348,10637.246191933782,754.6386564803015,7.094304699392438
2025-08-11 09:50:00,2025-08-11 10:55:00,0.89766,0.89719,0.00046999999999997044,Cierre_Señal,5.999999999994898e-05,0.0007900000000000684,0.22018598434715772,0.0,0.0,10.348741264315763,10.348741264315763,1.321115906081823,17.394692763426967,0.0010471670788493872,9892.956276717796,0.0,9892.956276717796,10637.246191933782,744.2899152159862,6.997016913836034
2025-08-12 06:35:00,2025-08-12 07:40:00,0.89844,0.8970199999999999,0.0014200000000000879,Cierre_Señal,0.00022999999999995246,0.002589999999999981,0.2202251964898668,0.0,0.0,31.27197790156302,31.27197790156302,5.0651795192658895,57.038325890875086,0.003161034682338471,9924.228254619358,0.0,9924.228254619358,10637.246191933782,713.0179373144238,6.703031258739737
2025-08-12 18:30:00,2025-08-13 04:25:00,0.89894,0.8983500000000001,0.0005899999999998684,Cierre_Señal,0.0008700000000000374,0.002569999999999961,0.22079845717443564,-1.5208597730175126,0.0,13.027108973288797,11.506249200271284,19.209465774176724,56.7452034938291,0.0011594099717442063,9935.734503819629,0.0,9935.734503819629,10637.246191933782,701.511688114153,6.594861822847617
2025-08-13 05:30:00,2025-08-13 20:40:00,0.89906,0.90074,-0.0016800000000000148,Cierre_Señal,0.003410000000000024,0.0015600000000000058,0.22102494836428335,0.0,0.0,-37.13219132519993,-37.13219132519993,75.36950739222115,34.47989194482833,-0.0037372366694103064,9898.60231249443,0.0,9898.60231249443,10637.246191933782,738.6438794393525,6.943938930354604
2025-08-14 04:25:00,2025-08-14 07:40:00,0.90129,0.90142,-0.00012999999999996348,Cierre_Señal,0.0014499999999999513,0.0007400000000000739,0.21965410273040709,0.0,0.0,-2.85550333549449,-2.85550333549449,31.84984489590796,16.25440360205175,-0.00028847540747143203,9895.746809158934,0.0,9895.746809158934,10637.246191933782,741.4993827748476,6.970783315489363
2025-08-15 10:55:00,2025-08-15 13:05:00,0.89828,0.89746,0.0008199999999999319,Cierre_Señal,0.00021000000000004349,0.0009299999999999864,0.2203265531718158,0.0,0.0,18.066777360087396,18.066777360087396,4.626857616609089,20.49036944497857,0.0018257113594868683,9913.813586519022,0.0,9913.813586519022,10637.246191933782,723.4326054147605,6.800938817824289
2025-08-15 14:10:00,2025-08-15 23:50:00,0.89837,0.89934,-0.0009700000000000264,Cierre_Viernes,0.0019700000000000273,0.0010499999999999954,0.22070669293317946,0.0,0.0,-21.40854921451899,-21.40854921451899,43.479218507836954,23.174202757983743,-0.0021594665894899127,9892.405037304503,0.0,9892.405037304503,10637.246191933782,744.8411546292791,7.00219907661902
2025-08-19 12:11:00,2025-08-19 18:36:00,0.89641,0.89534,0.0010700000000000154,Cierre_Señal,0.0010199999999999099,0.0014100000000000223,0.22071161716858365,0.0,0.0,23.61614303703879,23.61614303703879,22.512584951193542,31.120338020770788,0.002387300454033345,9916.021180341542,0.0,9916.021180341542,10637.246191933782,721.2250115922398,6.780185384250524
2025-08-20 20:28:00,2025-08-20 21:45:00,0.89261,0.89211,0.000500000000000056,Cierre_Señal,0.00024000000000001798,0.0009599999999999609,0.22218037396716467,0.0,0.0,11.109018698359478,11.109018698359478,5.332328975212351,21.32931590084694,0.0011203101018363137,9927.130199039902,0.0,9927.130199039902,10637.246191933782,710.1159928938796,6.6757502842451855
2025-08-20 23:02:00,2025-08-21 00:34:00,0.8925,0.89292,-0.00042000000000008697,Cierre_Señal,0.00036000000000002697,0.0011499999999999844,0.22245669913814908,-1.532281743663571,0.0,-9.343181363804197,-10.875463107467768,8.008441168973969,25.582520400886796,-0.0010955294117649009,9916.254735932434,0.0,9916.254735932434,10637.246191933782,720.9914560013476,6.77798974463969
2025-08-21 01:51:00,2025-08-21 04:25:00,0.89225,0.89181,0.00043999999999999595,Cierre_Señal,0.0006599999999999939,0.0008500000000000174,0.22227525325710135,0.0,0.0,9.78011114331237,9.78011114331237,14.670166714968554,18.893396526854,0.000986270664051546,9926.034847075747,0.0,9926.034847075747,10637.246191933782,711.2113448580349,6.686047610680912
2025-08-21 09:33:00,2025-08-22 23:50:00,0.89142,0.89752,-0.006099999999999994,Cierre_Viernes,0.007689999999999975,0.0008200000000000429,0.22270164113606936,-4.601906712435738,0.0,-135.84800109300218,-140.44990780543793,171.2575620336368,18.26153457315864,-0.014149648874828913,9785.58493927031,0.0,9785.58493927031,10637.246191933782,851.6612526634726,8.006407272112277
2025-08-26 01:45:00,2025-08-26 04:45:00,0.89814,0.89747,0.0006700000000000594,Cierre_Señal,0.0011399999999999189,0.0012000000000000899,0.2179077858523239,0.0,0.0,14.599821652106996,14.599821652106996,24.841487587163158,26.148934302280825,0.001491972298305519,9800.184760922417,0.0,9800.184760922417,10637.246191933782,837.0614310113651,7.869155380140665
2025-08-26 12:15:00,2025-08-26 16:45:00,0.89795,0.898,-4.999999999999449e-05,Cierre_Señal,0.0008500000000000174,0.0010700000000000154,0.21827907480199157,0.0,0.0,-1.0913953740098377,-1.0913953740098377,18.55372135816966,23.355861003813434,-0.00011136477532155353,9799.093365548408,0.0,9799.093365548408,10637.246191933782,838.1528263853743,7.879415510951933
2025-08-26 18:15:00,2025-08-27 00:25:00,0.8983,0.8989699999999999,-0.0006699999999999484,Cierre_Señal,0.00048000000000003595,0.0011799999999999589,0.21816972872199505,-1.502753091437102,0.0,-14.617371824372544,-16.120124915809647,10.472146978656546,25.744027989194517,-0.0016450628965823189,9782.973240632598,0.0,9782.973240632598,10637.246191933782,854.2729513011836,8.030959666506341
2025-08-27 01:55:00,2025-08-27 07:55:00,0.89864,0.89779,0.0008500000000000174,Cierre_Señal,0.0008700000000000374,0.0011400000000000299,0.21772841717779307,0.0,0.0,18.506915460112786,18.506915460112786,18.94237229446881,24.82103955826906,0.0018917475296003233,9801.480156092712,0.0,9801.480156092712,10637.246191933782,835.7660358410703,7.8569774616557355
2025-08-27 18:25:00,2025-08-28 00:35:00,0.89756,0.89707,0.0004899999999999904,Cierre_Señal,0.0008500000000000174,0.0013400000000000079,0.2184027843507445,-1.5043583786079282,0.0,10.701736433186273,9.197378054578344,18.564236669813663,29.265973102999936,0.0009383662373545846,9810.67753414729,0.0,9810.67753414729,10637.246191933782,826.5686577864926,7.770513560297958
2025-08-28 03:35:00,2025-08-29 00:45:00,0.8973,0.89828,-0.0009799999999999809,Cierre_Señal,0.0015000000000000568,0.0006199999999999539,0.21867106952295307,-4.518618980622302,0.0,-21.429764813248983,-25.948383793871287,32.8006604284442,13.557606310422083,-0.0026449125153237066,9784.729150353418,0.0,9784.729150353418,10637.246191933782,852.5170415803641,8.014452483264204
2025-08-29 02:15:00,2025-08-29 11:15:00,0.89792,0.89819,-0.00026999999999999247,Cierre_Señal,0.0015199999999999658,0.0005700000000000705,0.2179421140046645,0.0,0.0,-5.884437078125778,-5.884437078125778,33.12720132870826,12.422700498267414,-0.0006013898788310595,9778.844713275292,0.0,9778.844713275292,10637.246191933782,858.4014786584903,8.069771660539507
2025-08-29 15:45:00,2025-08-29 18:45:00,0.89878,0.8984000000000001,0.00037999999999993594,Cierre_Señal,0.0007899999999999574,0.0016399999999999748,0.21760263275273797,0.0,0.0,8.268900044602649,8.268900044602649,17.190607987465373,35.686831771448475,0.0008455906896013173,9787.113613319894,0.0,9787.113613319894,10637.246191933782,850.1325786138877,7.9920363153627365
2025-08-29 20:15:00,2025-08-29 23:50:00,0.89878,0.89832,0.00046000000000001595,Cierre_Viernes,0.0004899999999999904,0.0006300000000000194,0.21778663551302643,0.0,0.0,10.018185233599562,10.018185233599562,10.671545140138088,13.720558037321089,0.001023609782149171,9797.131798553493,0.0,9797.131798553493,10637.246191933782,840.1143933802887,7.897856063699522
2025-09-01 01:28:00,2025-09-01 04:14:00,0.89877,0.8987900000000001,-2.0000000000131024e-05,Cierre_Señal,0.0006300000000000194,0.0010899999999999244,0.21801198968709443,0.0,0.0,-0.43602397937704535,-0.43602397937704535,13.734755350287374,23.763306875891644,-4.4505268311427894e-05,9796.695774574117,0.0,9796.695774574117,10637.246191933782,840.5504173596655,7.901955094327463
2025-09-01 05:37:00,2025-09-01 08:23:00,0.89922,0.8988900000000001,0.00032999999999994145,Cierre_Señal,0.00017999999999995797,0.0010900000000000354,0.2178931913118951,0.0,0.0,7.190475313291262,7.190475313291262,3.922077443613196,23.750357852997336,0.0007339694401813603,9803.886249887408,0.0,9803.886249887408,10637.246191933782,833.3599420463743,7.834357943866249
2025-09-01 09:46:00,2025-09-02 05:18:00,0.89973,0.8999400000000001,-0.00021000000000004349,Cierre_Señal,0.0021299999999999653,0.0011400000000000299,0.21792951774170935,-1.501098518204894,0.0,-4.576519872576844,-6.077618390781738,46.41898727898334,24.843965022555516,-0.0006199193091261678,9797.808631496626,0.0,9797.808631496626,10637.246191933782,839.4375604371562,7.891493205014859
2025-09-03 04:59:00,2025-09-03 06:22:00,0.89947,0.89942,4.999999999999449e-05,Cierre_Señal,0.00012000000000000899,0.0017699999999999383,0.217857374487123,0.0,0.0,1.089286872435495,1.089286872435495,2.6142884938456716,38.560755284219425,0.00011117658176480481,9798.89791836906,0.0,9798.89791836906,10637.246191933782,838.3482735647212,7.881252896077936
2025-09-03 11:54:00,2025-09-04 08:49:00,0.90041,0.9009,-0.0004899999999999904,Cierre_Señal,0.0032399999999999096,0.0018100000000000893,0.217654133525151,-1.4992016717212402,0.0,-10.665052542732193,-12.164254214453432,70.51993926214696,39.39539816805427,-0.0012413900334291945,9786.733664154608,0.0,9786.733664154608,10637.246191933782,850.512527779174,7.995608190624724
2025-09-05 07:07:00,2025-09-05 23:50:00,0.90165,0.9065300000000001,-0.0048800000000001065,Cierre_Viernes,0.007900000000000018,0.0006499999999999284,0.21708498118237915,0.0,0.0,-105.93747081700333,-105.93747081700333,171.4971351340799,14.11052377685309,-0.010824599345644332,9680.796193337605,0.0,9680.796193337605,10637.246191933782,956.4499985961775,8.991518870000894
2025-09-12 20:45:00,2025-09-12 21:15:00,0.92031,0.92034,-3.0000000000085514e-05,Cierre_Señal,0.00021999999999999797,0.00027999999999994696,0.21038120184150133,0.0,0.0,-0.631143605526303,-0.631143605526303,4.628386440512987,5.890673651560921,-6.519542328147148e-05,9680.165049732079,0.0,9680.165049732079,10637.246191933782,957.0811422017032,8.997452206450362
2025-09-12 22:15:00,2025-09-12 23:45:00,0.92048,0.9205599999999999,-7.999999999996898e-05,Cierre_Señal,0.00040000000000006697,0.00018999999999991246,0.21032863396775767,0.0,0.0,-1.682629071741409,-1.682629071741409,8.413145358711715,3.9962440453855543,-0.00017382235355459973,9678.482420660337,0.0,9678.482420660337,10637.246191933782,958.763771273445,9.013270483487306
2025-09-15 05:05:00,2025-09-15 06:05:00,0.92141,0.92117,0.00023999999999990695,Cierre_Señal,0.000280000000000058,0.00046999999999997044,0.21007982159213243,0.0,0.0,5.041915718209223,5.041915718209223,5.882235004580926,9.873751614829603,0.0005209407321385852,9683.524336378547,0.0,9683.524336378547,10637.246191933782,953.7218555552354,8.965871789998074
2025-09-15 07:05:00,2025-09-15 09:35:00,0.92154,0.9209,0.0006399999999999739,Cierre_Señal,0.0006099999999999994,0.0010000000000000009,0.2101596097050274,0.0,0.0,13.450215021121204,13.450215021121204,12.819736192006658,21.015960970502757,0.0013889793172297978,9696.974551399668,0.0,9696.974551399668,10637.246191933782,940.2716405341143,8.839427268752338
2025-09-15 10:35:00,2025-09-15 11:35:00,0.92178,0.92154,0.00024000000000001798,Cierre_Señal,0.0005399999999999849,0.0006599999999999939,0.21039672267568546,0.0,0.0,5.04952134421683,5.04952134421683,11.361423024486697,13.886183696595111,0.0005207316279372909,9702.024072743885,0.0,9702.024072743885,10637.246191933782,935.2221191898971,8.791957075310295
2025-09-17 17:25:00,2025-09-17 17:55:00,0.91939,0.91779,0.0016000000000000458,Cierre_Señal,0.00012999999999996348,0.0016900000000000803,0.21105350444846877,0.0,0.0,33.76856071175597,33.76856071175597,2.743695557829323,35.66804225179292,0.0034805686379013167,9735.792633455641,0.0,9735.792633455641,10637.246191933782,901.4535584781406,8.474501221582258
2025-09-17 21:25:00,2025-09-17 21:55:00,0.919,0.9160400000000001,0.0029599999999999627,Cierre_Señal,0.0016499999999999293,0.0035399999999999876,0.2118779680839095,0.0,0.0,62.715878552836415,62.715878552836415,34.95986473384357,75.0048007017037,0.006441784548422117,9798.508512008479,0.0,9798.508512008479,10637.246191933782,838.7376799253034,7.8849136777648114
2025-09-22 12:05:00,2025-09-22 13:35:00,0.91063,0.9105300000000001,9.999999999998899e-05,Cierre_Señal,0.00033999999999989594,0.0008400000000000629,0.21520284884109855,0.0,0.0,2.1520284884107483,2.1520284884107483,7.316896860595112,18.077039302653635,0.000219628169508997,9800.660540496889,0.0,9800.660540496889,10637.246191933782,836.5856514368934,7.864682609971703
2025-09-22 14:35:00,2025-09-22 16:05:00,0.91063,0.91039,0.00024000000000001798,Cierre_Señal,0.00031999999999998696,0.0007900000000000684,0.21525011344886263,0.0,0.0,5.16600272277309,5.16600272277309,6.888003630363324,17.004758962461622,0.0005271076068216904,9805.826543219662,0.0,9805.826543219662,10637.246191933782,831.4196487141198,7.816117383318484
2025-09-22 19:05:00,2025-09-25 15:05:00,0.91049,0.9146000000000001,-0.004110000000000058,Cierre_Señal,0.00717000000000001,0.0005600000000000049,0.21539668844731216,-4.450957170075259,0.0,-88.52803895184655,-92.97899612192181,154.43942561672304,12.062214553049587,-0.009482015178640201,9712.847547097741,0.0,9712.847547097741,10637.246191933782,924.3986448360411,8.690206357515839
2025-09-29 01:34:00,2025-10-03 23:50:00,0.91301,0.9213800000000001,-0.0083700000000001,Cierre_Viernes,0.010040000000000049,0.0018799999999999928,0.21276541433495233,-8.79316904363491,0.0,-178.08465179835724,-186.87782084199216,213.61647599229318,39.999897894970886,-0.01924027119089627,9525.96972625575,0.0,9525.96972625575,10637.246191933782,1111.2764656780328,10.447031549582006
2025-10-06 05:05:00,2025-10-06 08:25:00,0.9219,0.92134,0.0005600000000000049,Cierre_Señal,0.00035999999999991594,0.0016100000000000003,0.20665950160008134,0.0,0.0,11.572932089604658,11.572932089604658,7.439742057601191,33.2721797576131,0.0012148823082763964,9537.542658345354,0.0,9537.542658345354,10637.246191933782,1099.7035335884284,10.338235232557961
2025-10-06 10:05:00,2025-10-06 11:45:00,0.92237,0.92073,0.0016399999999999748,Cierre_Señal,0.00034999999999996145,0.0023900000000000032,0.20680513586403187,0.0,0.0,33.916042281700705,33.916042281700705,7.238179755240319,49.426427471503686,0.003556056680074102,9571.458700627054,0.0,9571.458700627054,10637.246191933782,1065.787491306728,10.01939291500947
2025-10-06 16:45:00,2025-10-07 09:35:00,0.92392,0.92069,0.003229999999999955,Cierre_Señal,0.00029000000000001247,0.003649999999999931,0.20719236948279188,-1.4271410409974705,0.0,66.92313534294085,65.49599430194338,6.008578715001223,75.62521486121761,0.006842843536236807,9636.954694928998,0.0,9636.954694928998,10637.246191933782,1000.2914970047841,9.403669699431273
2025-10-08 22:25:00,2025-10-09 00:15:00,0.91902,0.91866,0.00035999999999991594,Cierre_Señal,0.00043000000000004146,0.0017499999999999183,0.20972241507103215,-1.4445679950092694,0.0,7.550006942555394,6.105438947546125,9.018063848055252,36.70142263742891,0.0006335444277598222,9643.060133876545,0.0,9643.060133876545,10637.246191933782,994.1860580572375,9.346272899193856
2025-10-09 01:55:00,2025-10-09 10:15:00,0.91931,0.9183800000000001,0.0009299999999998754,Cierre_Señal,0.0015100000000000113,0.0021899999999999142,0.20978908385368472,0.0,0.0,19.510384798390064,19.510384798390064,31.678151661906632,45.943809363955154,0.00202325657286416,9662.570518674935,0.0,9662.570518674935,10637.246191933782,974.6756732588474,9.162857149982516
2025-10-09 13:35:00,2025-10-09 18:35:00,0.91971,0.91791,0.0018000000000000238,Cierre_Señal,0.0018699999999999273,0.0020100000000000673,0.2101221149857006,0.0,0.0,37.82198069742661,37.82198069742661,39.292835502324486,42.234545112127236,0.003914277326548638,9700.392499372361,0.0,9700.392499372361,10637.246191933782,936.8536925614208,8.807295381316232
2025-10-10 01:25:00,2025-10-10 13:05:00,0.91907,0.91853,0.000540000000000096,Cierre_Señal,0.0020899999999999253,0.0013900000000000023,0.21109148376886117,0.0,0.0,11.398940123520529,11.398940123520529,44.11812010769041,29.34171624387175,0.001175100917231758,9711.791439495883,0.0,9711.791439495883,10637.246191933782,925.4547524378995,8.700134750473964
2025-10-13 19:55:00,2025-10-14 00:20:00,0.91527,0.91486,0.00041000000000002146,Cierre_Señal,0.00010999999999994348,0.0024199999999999777,0.21221697290408037,-1.4617505093633056,0.0,8.70089588906775,7.2391453797044445,2.3343867019436844,51.35650744278698,0.0007453975329684605,9719.030584875587,0.0,9719.030584875587,10637.246191933782,918.215607058195,8.632080056156616
2025-10-15 04:50:00,2025-10-16 03:40:00,0.91231,0.91032,0.0019899999999999363,Cierre_Señal,0.0033600000000000296,0.0027999999999999137,0.21306421249083288,-1.4675862956368568,0.0,42.39977828567439,40.93219199003753,71.58957539692048,59.65797949743136,0.004211550898269089,9759.962776865625,0.0,9759.962776865625,10637.246191933782,877.2834150681574,8.247279410844142
2025-10-16 09:20:00,2025-10-16 20:40:00,0.91188,0.9109900000000001,0.0008899999999999464,Cierre_Señal,0.0021900000000000253,0.0021800000000000708,0.21406243753269344,0.0,0.0,19.05155694040857,19.05155694040857,46.879673819660404,46.66561138212869,0.00195201122954763,9779.014333806033,0.0,9779.014333806033,10637.246191933782,858.2318581277486,8.068177069912561
2025-10-17 18:05:00,2025-10-17 23:50:00,0.91118,0.9107,0.00048000000000003595,Cierre_Viernes,0.00031000000000003247,0.0023799999999999377,0.2146450609935695,0.0,0.0,10.302962927692107,10.302962927692107,6.653996890801351,51.085524516468205,0.00105357887574362,9789.317296733725,0.0,9789.317296733725,10637.246191933782,847.928895200057,7.971319643264824
2025-10-20 01:23:00,2025-10-20 02:15:00,0.91151,0.91098,0.0005300000000000304,Cierre_Señal,0.00013999999999991797,0.0009600000000000719,0.21479341525016127,0.0,0.0,11.3840510082592,11.3840510082592,3.007107813500496,20.620167864017027,0.0011629055084421025,9800.701347741984,0.0,9800.701347741984,10637.246191933782,836.5448441917979,7.86429898394332
2025-10-20 03:59:00,2025-10-21 15:41:00,0.91156,0.91035,0.0012100000000000444,Cierre_Señal,0.0038399999999999546,0.0021600000000000508,0.2150314043560925,-1.481136313204765,0.0,26.018799927088146,24.53766361388338,82.57205927273854,46.44678334091707,0.0025036640484445223,9825.239011355867,0.0,9825.239011355867,10637.246191933782,812.0071805779153,7.633622141731193
2025-10-23 11:21:00,2025-10-24 23:50:00,0.91078,0.91174,-0.0009599999999999609,Cierre_Viernes,0.003569999999999962,0.0015000000000000568,0.21575438659952714,-4.458348644692629,0.0,-20.712421113553763,-25.170769758246394,77.02431601603037,32.3631579899303,-0.0025618480862556513,9800.06824159762,0.0,9800.06824159762,10637.246191933782,837.1779503361613,7.870250770081761
2025-10-27 00:05:00,2025-10-29 22:05:00,0.91454,0.9157000000000001,-0.0011600000000000499,Cierre_Señal,0.006950000000000012,0.003430000000000044,0.21431688590105671,-2.9524294201729573,0.0,-24.86075876452365,-27.813188184696607,148.95023570123465,73.5106918640634,-0.002838060664377829,9772.255053412924,0.0,9772.255053412924,10637.246191933782,864.9911385208579,8.131720587390186
2025-10-30 04:35:00,2025-10-30 09:39:00,0.91763,0.91752,0.00010999999999994348,Cierre_Señal,0.0011700000000000044,0.0012599999999999278,0.2129890054469214,0.0,0.0,2.3428790599149316,2.3428790599149316,24.9197136372899,26.836614686310558,0.00023974804659817898,9774.59793247284,0.0,9774.59793247284,10637.246191933782,862.6482594609424,8.109695346856672
2025-10-31 16:13:00,2025-10-31 17:29:00,0.91726,0.9169900000000001,0.00026999999999988145,Cierre_Señal,0.0008900000000000574,0.0014899999999999913,0.21312600424029915,0.0,0.0,5.754402114485551,5.754402114485551,18.96821437738785,31.755774631804393,0.0005887098532583596,9780.352334587325,0.0,9780.352334587325,10637.246191933782,856.8938573464566,8.055598619088451
2025-10-31 18:45:00,2025-10-31 20:01:00,0.9172,0.91664,0.0005600000000000049,Cierre_Señal,0.0009099999999999664,0.0010000000000000009,0.21326542378079646,0.0,0.0,11.942863731724708,11.942863731724708,19.407153564051765,21.326542378079665,0.0012211077191452355,9792.29519831905,0.0,9792.29519831905,10637.246191933782,844.9509936147315,7.943324600830029
2025-11-03 02:41:00,2025-11-04 08:45:00,0.91743,0.91602,0.0014100000000000223,Cierre_Señal,0.0023900000000000032,0.0022199999999999998,0.21347231283736198,-1.4703972908237493,0.0,30.099596110068518,28.62919881924477,51.019882768129584,47.39085344989435,0.00292364540073907,9820.924397138295,0.0,9820.924397138295,10637.246191933782,816.3217947954872,7.67418352519192
2025-11-05 16:07:00,2025-11-06 16:59:00,0.91665,0.91542,0.0012299999999999534,Cierre_Señal,0.0023500000000000743,0.0013799999999999368,0.21427861009410995,-1.4759510663282294,0.0,26.356269041574524,24.880317975246296,50.35547337211743,29.570448192985822,0.0025333987890687904,9845.804715113542,0.0,9845.804715113542,10637.246191933782,791.4414768202405,7.44028541353485
2025-11-10 04:45:00,2025-11-10 05:55:00,0.91472,0.9142399999999999,0.00048000000000003595,Cierre_Señal,0.00012000000000000899,0.0008899999999999464,0.21527472264985004,0.0,0.0,10.333186687193576,10.333186687193576,2.583296671798394,19.1594503158355,0.0010495014867938515,9856.137901800736,0.0,9856.137901800736,10637.246191933782,781.1082901330465,7.343143855459136
2025-11-10 07:05:00,2025-11-10 18:45:00,0.91547,0.91461,0.0008599999999999719,Cierre_Señal,0.0005899999999999794,0.0015500000000000513,0.21532410459765444,0.0,0.0,18.517872995397678,18.517872995397678,12.704122171261169,33.375236212637546,0.0018788163457021463,9874.655774796132,0.0,9874.655774796132,10637.246191933782,762.5904171376496,7.169058639593408
2025-11-10 19:55:00,2025-11-11 11:15:00,0.9166,0.91471,0.0018899999999999473,Cierre_Señal,0.000140000000000029,0.0023900000000000032,0.21546270510137752,-1.4841071127382883,0.0,40.72245126415921,39.238344151420925,3.01647787141991,51.49558651922929,0.003973641719397659,9913.894118947554,0.0,9913.894118947554,10637.246191933782,723.3520729862284,6.800181738152737
2025-11-11 12:25:00,2025-11-11 18:15:00,0.91514,0.91424,0.0008999999999999009,Cierre_Señal,0.0006300000000000194,0.0015799999999999148,0.21666398843778117,0.0,0.0,19.499758959398157,19.499758959398157,13.649831271580636,34.232910173167575,0.0019669121664442615,9933.393877906952,0.0,9933.393877906952,10637.246191933782,703.8523140268298,6.616865881703111
2025-11-11 21:45:00,2025-11-12 00:15:00,0.9147,0.91495,-0.0002500000000000835,Cierre_Señal,0.000300000000000078,0.0021999999999999797,0.217194574787514,-1.4960362311363964,0.0,-5.429864369689663,-6.9259006008260595,6.5158372436271135,47.78280645325264,-0.0006972340658141106,9926.467977306125,0.0,9926.467977306125,10637.246191933782,710.7782146276568,6.6819757839828835
2025-11-12 01:25:00,2025-11-13 20:45:00,0.91513,0.91627,-0.0011400000000000299,Cierre_Señal,0.00541999999999998,0.0017399999999999638,0.21694115540537684,-1.4942906784322356,0.0,-24.731291716213608,-26.225582394645844,117.58210622971383,37.74776104053479,-0.0026419852917072546,9900.24239491148,0.0,9900.24239491148,10637.246191933782,737.003797022302,6.928520631412777
2025-11-14 03:55:00,2025-11-14 06:15:00,0.9173,0.91712,0.00017999999999995797,Cierre_Señal,0.0009599999999999609,0.0010299999999999754,0.2158561516387546,0.0,0.0,3.8854107294966758,3.8854107294966758,20.7221905573196,22.233183618791195,0.0003924561212252436,9904.127805640977,0.0,9904.127805640977,10637.246191933782,733.1183862928046,6.891994159623079
2025-11-14 17:55:00,2025-11-14 21:25:00,0.9176,0.91693,0.0006699999999999484,Cierre_Señal,0.0008500000000000174,0.0019699999999999163,0.21587026603402304,0.0,0.0,14.46330782427843,14.46330782427843,18.348972612892332,42.52644240870073,0.001460331299040864,9918.591113465256,0.0,9918.591113465256,10637.246191933782,718.655078468526,6.756025624503096
2025-11-20 01:57:00,2025-11-20 02:59:00,0.91119,0.91083,0.00036000000000002697,Cierre_Señal,0.00018999999999991246,0.0017700000000000493,0.2177063206019657,0.0,0.0,7.837427541671353,7.837427541671353,4.1364200914354425,38.53401874654901,0.0007901754848056432,9926.428541006928,0.0,9926.428541006928,10637.246191933782,710.8176509268542,6.682346521845728
2025-11-20 05:03:00,2025-11-20 10:13:00,0.91135,0.91005,0.0012999999999999678,Cierre_Señal,0.00043999999999999595,0.0016199999999999548,0.21784009526541784,0.0,0.0,28.31921238450362,28.31921238450362,9.584964191678297,35.29009543299671,0.0028529105173642788,9954.747753391432,0.0,9954.747753391432,10637.246191933782,682.4984385423504,6.416119606782145
2025-11-20 11:15:00,2025-11-20 19:31:00,0.91034,0.90902,0.0013199999999999878,Cierre_Señal,0.0027999999999999137,0.0020999999999999908,0.21870395134546283,0.0,0.0,28.868921577600826,28.868921577600826,61.2371063767277,45.92782978254699,0.0029000153788694065,9983.616674969033,0.0,9983.616674969033,10637.246191933782,653.6295169647492,6.144724914427534
2025-11-21 19:27:00,2025-11-21 20:29:00,0.91006,0.90934,0.0007199999999999429,Cierre_Señal,0.0002300000000000635,0.0010900000000000354,0.2194056803940187,0.0,0.0,15.797208988368093,15.797208988368093,5.046330649063823,23.915219162948816,0.0015823132540710345,9999.4138839574,0.0,9999.4138839574,10637.246191933782,637.8323079763813,5.9962164686951525
2025-11-21 21:31:00,2025-11-21 23:50:00,0.91011,0.9103800000000001,-0.0002700000000001035,Cierre_Viernes,0.00046000000000001595,0.0009299999999999864,0.2197407760371252,0.0,0.0,-5.933000953004655,-5.933000953004655,10.108075697708108,20.435892171452345,-0.0005933348716091538,9993.480883004397,0.0,9993.480883004397,10637.246191933782,643.7653089293854,6.051992191527467
2025-11-24 01:11:00,2025-11-24 02:17:00,0.91121,0.9100600000000001,0.0011499999999998733,Cierre_Señal,0.00017000000000000348,0.0018599999999999728,0.21934528556544367,0.0,0.0,25.224707840023243,25.224707840023243,3.728869854612619,40.79822311517192,0.002524116284939527,10000.0,18.70559084441993,10018.70559084442,10637.246191933782,618.5406010893621,5.814856495080476
2025-11-24 04:29:00,2025-11-24 05:35:00,0.91083,0.91067,0.000160000000000049,Cierre_Señal,0.00019999999999997797,0.0013300000000000534,0.21957994356795452,0.0,0.0,3.513279097088348,3.513279097088348,4.391598871358607,29.204132494539124,0.0003513279097088348,10000.0,22.218869941509183,10022.21886994151,10637.246191933782,615.0273219922728,5.781828406478433
2025-11-24 06:41:00,2025-11-25 18:03:00,0.91038,0.90947,0.0009099999999999664,Cierre_Señal,0.0021999999999999797,0.0019500000000000073,0.21968848173290276,-1.5132142621762341,0.0,19.991651837693414,18.47843757551718,48.33146598123816,42.8392539379162,0.001847843757551718,10000.0,40.697307517026275,10040.697307517026,10637.246191933782,596.5488844167558,5.608113920209147
2025-11-25 19:09:00,2025-11-28 23:50:00,0.91161,0.91547,-0.0038599999999999746,Cierre_Viernes,0.005900000000000016,0.0023000000000000798,0.21939206458902383,-7.55586270444598,0.0,-84.68533693136264,-92.24119963580863,129.4413181075244,50.460174855477234,-0.009224119963580862,9948.456107881218,0.0,9948.456107881218,10637.246191933782,688.7900840525635,6.475266921760942
2025-12-01 01:17:00,2025-12-05 16:21:00,0.9149,0.92235,-0.007449999999999957,Cierre_Señal,0.010749999999999926,0.0018299999999999983,0.21747636043023758,-8.987863023860857,0.0,-162.01988852052605,-171.0077515443869,233.78708746250382,39.798173958733436,-0.017189375888075103,9777.448356336832,0.0,9777.448356336832,10637.246191933782,859.7978355969499,8.082898713474679
2025-12-19 22:20:00,2025-12-19 23:50:00,0.91254,0.9121600000000001,0.00037999999999993594,Cierre_Viernes,0.000140000000000029,0.0011100000000000554,0.21429084437584833,0.0,0.0,8.143052086280862,8.143052086280862,3.0000718212624977,23.786283725720352,0.000832840204264878,9785.591408423114,0.0,9785.591408423114,10637.246191933782,851.6547835106685,8.006346456063767
2025-12-24 14:25:00,2025-12-24 14:55:00,0.91738,0.91686,0.0005199999999999649,Cierre_Señal,0.00031000000000003247,0.0006300000000000194,0.21333779695269384,0.0,0.0,11.093565441539331,11.093565441539331,6.613471705534201,13.440281208020128,0.0011336632584097429,9796.684973864652,0.0,9796.684973864652,10637.246191933782,840.5612180691296,7.902056631034136
2025-12-26 05:05:00,2025-12-26 05:35:00,0.91828,0.9177000000000001,0.0005799999999999139,Cierre_Señal,0.00012000000000000899,0.0006899999999999684,0.21337032220814245,0.0,0.0,12.375478688070425,12.375478688070425,2.5604438664979012,14.722552232361156,0.001263231258439504,9809.060452552723,0.0,9809.060452552723,10637.246191933782,828.1857393810587,7.785715630132463
